,Destination,Gare destination - code UIC,Prix par km
0,MARNE LA VALLEE CHESSY,87111849,0.036931818181818184
1,MARNE LA VALLEE CHESSY,87111849,0.02556818181818182
2,MARNE LA VALLEE CHESSY,87111849,0.014204545454545454
3,BOURG ST MAURICE,87741793,0.03977272727272727
4,MARNE LA VALLEE CHESSY,87111849,0.04261363636363636
5,AEROPORT CDG2 TGV ROISSY,87271494,0.011363636363636364
6,PARIS EST,87113001,0.05113636363636364
7,ST GERVAIS LES BAINS LE FAYET,87746479,0.03986143406254449
8,NANCY,87141002,0.045657757062684295
9,ANNEMASSE,87745497,0.037180037180037186
10,PARIS EST,87113001,0.05159564303458819
11,NARBONNE,87781104,0.04309312903998085
12,CHARLEVILLE MEZIERES,87172007,0.04606968039159228
13,THIONVILLE,87191007,0.057717281516040594
14,NANCY,87141002,0.04049363671423062
15,BESANCON - F COMTE TGV,87300863,0.052181475576170464
16,REMIREMONT,87144451,0.03486682808716707
17,MARSEILLE ST CHARLES,87751008,0.043682958792408876
18,CANNES,87757625,0.046701692936368944
19,LORRAINE TGV,87142109,0.026329903944609684
20,ARRAS,87342014,0.03518717622910761
21,MEUSE TGV,87147322,0.00881704628949302
22,MARSEILLE ST CHARLES,87751008,0.04124116260801257
23,VALENCE TGV RHONE-ALPES SUD,87763029,0.03543132719846464
24,POITIERS,87575001,0.03847292098253922
25,MEUSE TGV,87147322,0.05042764621545459
26,LILLE EUROPE,87223263,0.029732408325074334
27,AEROPORT CDG2 TGV ROISSY,87271494,0.017881090746535537
28,RENNES,87471003,0.05078163895250423
29,POITIERS,87575001,0.035929936623584006
30,PARIS NORD,87271007,0.030012004801920768
31,CHALONS EN CHAMPAGNE,87174003,0.02406618200050138
32,REMIREMONT,87144451,0.015076892149964822
33,BAR LE DUC,87175042,0.042315248602085534
34,PARIS NORD,87271007,0.018178145829125428
35,ST DIE DES VOSGES,87144014,0.021258288201650048
36,REIMS,87171009,0.0243531202435312
37,NIMES,87775007,0.04271982912068352
38,NIMES PONT DU GARD,87703975,0.042822185970636216
39,NICE VILLE,87756056,0.05212325617047371
40,LYON PART DIEU,87723197,0.030734555885667453
41,MONTPELLIER SAINT-ROCH,87773002,0.04621309370988447
42,MULHOUSE VILLE,87182063,0.02470660901791229
43,CHALON SUR SAONE,87725002,0.024766523915174657
44,TGV HAUTE PICARDIE,87313882,0.0372400951691321
45,TOULON,87755009,0.04977445948047908
46,MEUSE TGV,87147322,0.0062370062370062365
47,PARIS NORD,87271007,0.018756838430677852
48,ANTIBES,87757674,0.0532748354747728
49,THIONVILLE,87191007,0.031415257343316405
50,BESANCON - F COMTE TGV,87300863,0.044089859332353556
51,NIMES PONT DU GARD,87703975,0.04419889502762431
52,CHAMPAGNE-ARDENNE,87171926,0.03164890811267011
53,THIONVILLE,87191007,0.050764105547036115
54,PARIS NORD,87271007,0.041348600508905854
55,NANTES,87481002,0.06058351490673327
56,THIONVILLE,87191007,0.038359083644112946
57,VALENCE TGV RHONE-ALPES SUD,87763029,0.03525076109597821
58,LYON PERRACHE,87722025,0.03212679374598415
59,CANNES,87757625,0.054753341564227814
60,ST PIERRE DES CORPS,87571240,0.051662899580238945
61,LILLE EUROPE,87223263,0.04531966549770704
62,LILLE EUROPE,87223263,0.05192557334487235
63,ANGOULEME,87583005,0.06507239303725394
64,PARIS NORD,87271007,0.0521909318255953
65,LYON PART DIEU,87723197,0.03270289420613724
66,PARIS NORD,87271007,0.05901639344262295
67,MARSEILLE ST CHARLES,87751008,0.04819277108433735
68,AEROPORT CDG2 TGV ROISSY,87271494,0.024886877828054297
69,ARRAS,87342014,0.03589254668835175
70,AEROPORT CDG2 TGV ROISSY,87271494,0.031142253364475587
71,VALENCE TGV RHONE-ALPES SUD,87763029,0.026471074835934486
72,PARIS NORD,87271007,0.03937869175235178
73,ST PIERRE DES CORPS,87571240,0.015188500135611608
74,ST MICHEL VALLOIRE,87742361,0.027978047993113098
75,AGDE,87781278,0.032022202060095
76,TOURCOING,87286542,0.012706480304955527
77,NIMES PONT DU GARD,87703975,0.029413309522558957
78,SETE,87773200,0.031266284523189164
79,MARSEILLE ST CHARLES,87751008,0.02895403546869345
80,BOURG ST MAURICE,87741793,0.028729735276010672
81,VALENCE TGV RHONE-ALPES SUD,87763029,0.03258158122486382
82,AIME LA PLAGNE,87741769,0.028291401434778214
83,LYON PERRACHE,87722025,0.030082727500626724
84,MASSY TGV,87393702,0.01393312101910828
85,BESANCON - F COMTE TGV,87300863,0.02370721588383464
86,AEROPORT CDG2 TGV ROISSY,87271494,0.011765859397980194
87,BESANCON - F COMTE TGV,87300863,0.02141223417197917
88,CHALON SUR SAONE,87725002,0.005797101449275362
89,BELFORT-MONTBELIARD TGV,87300822,0.005755119658529567
90,MOUTIERS SALINS BRIDES L BAINS,87741728,0.030473288258261122
91,BESANCON - F COMTE TGV,87300863,0.024582801493877936
92,TGV HAUTE PICARDIE,87313882,0.02065339842283139
93,SETE,87773200,0.035422978326730366
94,TGV HAUTE PICARDIE,87313882,0.03147273905396649
95,TGV HAUTE PICARDIE,87313882,0.0312543089580365
96,TGV HAUTE PICARDIE,87313882,0.029213072850100417
97,VALENCE TGV RHONE-ALPES SUD,87763029,0.016319869441044473
98,AVIGNON TGV,87318964,0.028815848716794237
99,TGV HAUTE PICARDIE,87313882,0.026832431465497967
100,ST PIERRE DES CORPS,87571240,0.028429282160625447
101,TGV HAUTE PICARDIE,87313882,0.03353483651767197
102,BELFORT-MONTBELIARD TGV,87300822,0.026299640571578853
103,ROUEN RIVE DROITE,87411017,0.02786849553668626
104,ROUBAIX,87286732,0.006921612735767434
105,AVIGNON TGV,87318964,0.02750676924399364
106,NICE VILLE,87756056,0.030745580322828592
107,ST RAPHAEL VALESCURE,87757526,0.030548601977173403
108,MARSEILLE ST CHARLES,87751008,0.023608768971332208
109,BEZIERS,87781005,0.01675673411252147
110,BESANCON - F COMTE TGV,87300863,0.02164682374490051
111,TGV HAUTE PICARDIE,87313882,0.006618955032474247
112,AIX EN PROVENCE TGV,87319012,0.02631146193060352
113,PERPIGNAN,87784009,0.01634320735444331
114,TGV HAUTE PICARDIE,87313882,0.019491594249979698
115,RENNES,87471003,0.03067360858861041
116,TGV HAUTE PICARDIE,87313882,0.0272785622593068
117,VALENCE TGV RHONE-ALPES SUD,87763029,0.00956975955979106
118,CANNES,87757625,0.028537455410225922
119,NANTES,87481002,0.028367676608486665
120,MACON VILLE,87725689,0.028199906000313333
121,FUTUROSCOPE,87324095,0.028034108164934003
122,FUTUROSCOPE,87324095,0.018580165673143918
123,TOULON,87755009,0.021550894746969404
124,LYON PERRACHE,87722025,0.012243648607284972
125,ST MICHEL VALLOIRE,87742361,0.024346635218929512
126,PARIS MONTPARNASSE 1 ET 2,87391003,0.024207579998487026
127,DOUAI,87345009,0.024070104178419646
128,MANTES LA JOLIE,87381509,0.016454749439042633
129,DOUAI,87345009,0.011899892157227325
130,PARIS MONTPARNASSE 1 ET 2,87391003,0.032541971747651804
131,FUTUROSCOPE,87324095,0.005883867171698598
132,LIBOURNE,87584052,0.017554125219426564
133,CHATELLERAULT,87575142,0.011638479723586106
134,MOUTIERS SALINS BRIDES L BAINS,87741728,0.023149822759169502
135,PARIS MONTPARNASSE 1 ET 2,87391003,0.01726805050904774
136,TOULOUSE MATABIAU,87611004,0.022899670817232
137,ST JEAN DE LUZ CIBOURE,87677120,0.02135307306309833
138,ST BRIEUC,87473009,0.031150442477876107
139,MANTES LA JOLIE,87381509,0.019717615576916307
140,ST NAZAIRE,87481705,0.01541047912580555
141,MASSY TGV,87393702,0.020903738285196666
142,LAMBALLE,87473108,0.016635475150758992
143,ALBERTVILLE,87741645,0.017927943458024478
144,PARIS MONTPARNASSE 1 ET 2,87391003,0.0164631636712855
145,PARIS MONTPARNASSE 1 ET 2,87391003,0.027297232743030676
146,RENNES,87471003,0.014936519790888721
147,PARIS MONTPARNASSE 1 ET 2,87391003,0.018913168293424296
148,PARIS MONTPARNASSE 1 ET 2,87391003,0.020161290322580645
149,NANTES,87481002,0.014815438360200345
150,QUIMPER,87474098,0.024293547026571067
151,ST MICHEL VALLOIRE,87742361,0.017581674485440176
152,VANNES,87476606,0.018973403354226665
153,VALENCE TGV RHONE-ALPES SUD,87763029,0.01629673640877647
154,ST NAZAIRE,87481705,0.02721782767712852
155,ARCACHON,87582668,0.019092265075644578
156,RENNES,87471003,0.019132217287324907
157,BAYONNE,87673004,0.02054178970342791
158,LE POULIGUEN,87481762,0.015095634273951454
159,LE MANS,87396002,0.016502643001418196
160,LA BAULE ESCOUBLAC,87481754,0.024806201550387597
161,LYON-SAINT EXUPERY TGV,87762906,0.015191403046912088
162,ST AVRE LA CHAMBRE,87741306,0.016607559899662658
163,LE CROISIC,87481788,0.015255926840896286
164,LE POULIGUEN,87481762,0.02501737317581654
165,LA BAULE ESCOUBLAC,87481754,0.015321001088139281
166,RENNES,87471003,0.019541132338829276
167,GUINGAMP,87473207,0.01678541766840058
168,TARBES,87671008,0.023830383739267567
169,ST BRIEUC,87473009,0.02247684270600114
170,MASSY TGV,87393702,0.00985481742190937
171,ST JEAN DE MAURIENNE ARVAN,87742320,0.018341342974295665
172,CHAMBERY CHALLES LES EAUX,87741009,0.01979498055850124
173,RENNES,87471003,0.019837931187176194
174,MARSEILLE ST CHARLES,87751008,0.01988106860743765
175,ROUEN RIVE DROITE,87411017,0.022770736046253057
176,QUIMPERLE,87476317,0.01854162952397932
177,BERNAY,87444299,0.022870415866351006
178,QUIMPER,87474098,0.0229205837586176
179,AIME LA PLAGNE,87741769,0.021535286464175154
180,NIMES PONT DU GARD,87703975,0.02302158273381295
181,REDON,87471300,0.0173043125591456
182,LISIEUX,87444265,0.023123475747448288
183,ALBERTVILLE,87741645,0.023174761236590777
184,AIME LA PLAGNE,87741769,0.02322627472328071
185,REDON,87471300,0.017458513298476926
186,ST BRIEUC,87473009,0.02624624077280598
187,CHAMBERY CHALLES LES EAUX,87741009,0.023382198474676895
188,ST BRIEUC,87473009,0.026363969242035885
189,BREST,87474007,0.027891187669159136
190,AIME LA PLAGNE,87741769,0.027954022988505748
191,BOURG ST MAURICE,87741793,0.026542555642597117
192,RENNES,87471003,0.01773508220949566
193,MORLAIX,87474338,0.017775308984863212
194,LANDRY,87741777,0.023754291546812658
195,ST GERVAIS LES BAINS LE FAYET,87746479,0.026784468728202743
196,SALLANCHES COMBLOUX MEGEVE,87746438,0.028337061894108874
197,ROSPORDEN,87474155,0.011958705096463773
198,LANDERNEAU,87474239,0.017979211536660735
199,LORIENT,87476002,0.027030832042798818
200,VANNES,87476606,0.021072436500470366
201,SALLANCHES COMBLOUX MEGEVE,87746438,0.02715572108811466
202,ALBERTVILLE,87741645,0.028730743786031566
203,ST MICHEL VALLOIRE,87742361,0.028797423388433666
204,LORIENT,87476002,0.009115077857956703
205,MOUTIERS SALINS BRIDES L BAINS,87741728,0.02436354984534856
206,ST JEAN DE MAURIENNE ARVAN,87742320,0.028999332252217878
207,VITRE,87471508,0.018358273174929482
208,QUIMPER,87474098,0.027602070155261643
209,AURAY,87476200,0.027667034920024976
210,MORLAIX,87474338,0.015406836783822821
211,ST MALO,87478107,0.01853192413493557
212,MARNE LA VALLEE CHESSY,87111849,0.021671826625386997
213,MARNE LA VALLEE CHESSY,87111849,0.022068965517241378
214,LORIENT,87476002,0.02890405459654757
215,MARNE LA VALLEE CHESSY,87111849,0.013090611577009614
216,MOUTIERS SALINS BRIDES L BAINS,87741728,0.0316930775646372
217,AIME LA PLAGNE,87741769,0.023814586434190942
218,ST MICHEL VALLOIRE,87742361,0.02776572668112798
219,MARNE LA VALLEE CHESSY,87111849,0.023024131060438345
220,AURAY,87476200,0.0216998191681736
221,VALENCE TGV RHONE-ALPES SUD,87763029,0.03140152389748326
222,SETE,87773200,0.028315243039169418
223,CLUSES  74,87746370,0.03667068757539204
224,ST BRIEUC,87473009,0.035538005923000986
225,NANCY,87141002,0.004041424602172266
226,VANNES,87476606,0.03724780134505949
227,PARIS EST,87113001,0.04664723032069971
228,QUIMPER,87474098,0.041304347826086954
229,MONTPELLIER SAINT-ROCH,87773002,0.031223863953164205
230,ALBERTVILLE,87741645,0.029765311963365768
231,SALLANCHES COMBLOUX MEGEVE,87746438,0.042340488091737724
232,REIMS,87171009,0.03385731559854897
233,ST MALO,87478107,0.034836702954898914
234,MARNE LA VALLEE CHESSY,87111849,0.023062139654067906
235,ST JEAN DE MAURIENNE ARVAN,87742320,0.0475404423902278
236,PARIS EST,87113001,0.04904632152588556
237,SARREBOURG,87215012,0.03302467137214272
238,SEDAN,87172254,0.044477875527357165
239,NANTES,87481002,0.033698955993128055
240,CHALONS EN CHAMPAGNE,87174003,0.039720951967689176
241,LORIENT,87476002,0.05160202360876897
242,MARNE LA VALLEE CHESSY,87111849,0.011587880440339456
243,LA BAULE ESCOUBLAC,87481754,0.011711215210801873
244,BELFORT-MONTBELIARD TGV,87300822,0.053267416356230196
245,MARNE LA VALLEE CHESSY,87111849,0.03589779686070247
246,NIMES PONT DU GARD,87703975,0.04838996619818538
247,MARNE LA VALLEE CHESSY,87111849,0.03363793351561376
248,MOUTIERS SALINS BRIDES L BAINS,87741728,0.05566267690180813
249,NANTES,87481002,0.050040473912723524
250,ANTIBES,87757674,0.05061595146823476
251,ST GERVAIS LES BAINS LE FAYET,87746479,0.05120481927710843
252,MARNE LA VALLEE CHESSY,87111849,0.045331606414993716
253,LYON PERRACHE,87722025,0.039318479685452164
254,LORRAINE TGV,87142109,0.016580189599344593
255,LILLE EUROPE,87223263,0.04027799715684726
256,LUNEVILLE,87141150,0.01019388366979812
257,LE CREUSOT MONTCEAU MONTCHANIN,87694109,0.030964138266008256
258,LE CROISIC,87481788,0.04877648891257122
259,LORRAINE TGV,87142109,0.04940219196280306
260,REMIREMONT,87144451,0.02859666091929854
261,LA BAULE ESCOUBLAC,87481754,0.05070302513847465
262,PARIS EST,87113001,0.022019774621130347
263,ST JEAN DE MAURIENNE ARVAN,87742320,0.0557938036058113
264,AEROPORT CDG2 TGV ROISSY,87271494,0.033935146165106685
265,ST DIE DES VOSGES,87144014,0.04205271206260682
266,LA ROCHELLE VILLE,87485003,0.031014823261117448
267,MEUSE TGV,87147322,0.04325499629903775
268,LORIENT,87476002,0.06382878866100342
269,PARIS AUSTERLITZ,87547000,0.05667206400609582
270,SARREBOURG,87215012,0.08216926869350863
271,POITIERS,87575001,0.05004906771344455
272,CHAMPAGNE-ARDENNE,87171926,0.046584624582731306
273,ST PIERRE DES CORPS,87571240,0.0688189454508653
274,ST MICHEL VALLOIRE,87742361,0.06554258983190253
275,ST MICHEL VALLOIRE,87742361,0.0799206017551191
276,MEUSE TGV,87147322,0.027077249800902575
277,MODANE,87742007,0.06882219583288351
278,LILLE EUROPE,87223263,0.04199374210901905
279,ST PIERRE DES CORPS,87571240,0.042718338172883626
280,REIMS,87171009,0.0193192795045173
281,SELESTAT,87214056,0.029496818970503182
282,CHAMPAGNE-ARDENNE,87171926,0.05005594487957128
283,CHALONS EN CHAMPAGNE,87174003,0.025491842610364683
284,PARIS AUSTERLITZ,87547000,0.0727250504186274
285,ST PIERRE DES CORPS,87571240,0.0847140899464308
286,REMIREMONT,87144451,0.059383931406795806
287,ST AVRE LA CHAMBRE,87741306,0.08259911894273128
288,ST MAIXENT DEUX SEVRES,87485490,0.056190916903549944
289,ST GERVAIS LES BAINS LE FAYET,87746479,0.09178026724254285
290,TOULON,87755009,0.09373492315114756
291,LE CROISIC,87481788,0.023943661971830985
292,MACON VILLE,87725689,0.048952559210999926
293,ARCACHON,87582668,0.11264909438963334
294,AIX EN PROVENCE TGV,87319012,0.09605967000678069
295,NANTES,87481002,0.11801912989817956
296,PARIS AUSTERLITZ,87547000,0.09403397866455947
297,PARIS AUSTERLITZ,87547000,0.1376964198930828
298,ST PIERRE DES CORPS,87571240,0.07061560189415966
299,LYON PERRACHE,87722025,0.1594474761255116
300,RENNES,87471003,0.10421227778264296
301,MONTPELLIER SUD DE FRANCE,87688887,0.1377137713771377
302,ST NAZAIRE,87481705,0.09443570039811128
303,NIMES,87775007,0.11341974837971788
304,ST PIERRE DES CORPS,87571240,0.1335559265442404
305,THIONVILLE,87191007,0.1549524002430626
306,MARSEILLE ST CHARLES,87751008,0.13329848405645583
307,BORDEAUX ST JEAN,87581009,0.14693171996542784
308,THIONVILLE,87191007,0.15200625908125628
309,VENDOME VILLIERS SUR LOIR,87571216,0.09840240796480666
310,MARSEILLE ST CHARLES,87751008,0.15307960139272422
311,THIONVILLE,87191007,0.16957605985037405
312,LYON PERRACHE,87722025,0.0992089223187654
313,LYON PERRACHE,87722025,0.11483382869494732
314,THIONVILLE,87191007,0.19173833356830677
315,NANTES,87481002,0.1879422169811321
316,THIONVILLE,87191007,0.18378378378378377
317,LA ROCHE SUR YON,87486019,0.11028219266947778
318,THIONVILLE,87191007,0.17415058903875705
319,MACON VILLE,87725689,0.27577505407353997
320,BORDEAUX ST JEAN,87581009,0.25959152510020994
321,ARCACHON,87582668,0.1724137931034483
322,BELFORT-MONTBELIARD TGV,87300822,0.15605014070094653
323,ST PIERRE DES CORPS,87571240,0.2280373831775701
324,MONTAUBAN VILLE BOURBON,87611244,0.20984734465706298
325,SAVERNE,87212225,0.12146555157307845
326,PARIS NORD,87271007,0.05655479325050992
327,NIMES,87775007,0.1481609993060375
328,ST PIERRE DES CORPS,87571240,0.15908720456397718
329,VALENCE TGV RHONE-ALPES SUD,87763029,0.12188748847217952
330,LIBOURNE,87584052,0.14192234986185837
331,ST PIERRE DES CORPS,87571240,0.20198675496688742
332,MONTPELLIER SUD DE FRANCE,87688887,0.12009450059062869
333,CHATELLERAULT,87575142,0.03053817271589487
334,LOURDES,87671339,0.13132400430570507
335,CHALON SUR SAONE,87725002,0.06287219422812644
336,BAYONNE,87673004,0.14742392617818303
337,SALLANCHES COMBLOUX MEGEVE,87746438,0.1545281823939202
338,BAYONNE,87673004,0.04956830878618588
339,PARIS GARE DE LYON,87686006,0.07762333594361785
340,ST JEAN DE LUZ CIBOURE,87677120,0.03457069991499008
341,ANTIBES,87757674,0.09463405730972806
342,MONTAUBAN VILLE BOURBON,87611244,0.05384411686821432
343,LIBOURNE,87584052,0.02606837606837607
344,LILLE EUROPE,87223263,0.09601524314472704
345,LILLE EUROPE,87223263,0.08334672882173284
346,PARIS GARE DE LYON,87686006,0.06189026769687037
347,LILLE EUROPE,87223263,0.06477548543689321
348,LILLE EUROPE,87223263,0.06300258207303577
349,NARBONNE,87781104,0.06570443774235243
350,SELESTAT,87214056,0.05546618171644401
351,CARCASSONNE,87615286,0.0499045541314426
352,MONTPELLIER SUD DE FRANCE,87688887,0.07301017354877319
353,POITIERS,87575001,0.05146009085009734
354,PARIS NORD,87271007,0.061846524301375064
355,LYON PERRACHE,87722025,0.04154284299157999
356,LE MANS,87396002,0.059069176299703444
357,ST GERVAIS LES BAINS LE FAYET,87746479,0.057771990055641056
358,BETHUNE,87342006,0.05653055314219519
359,LILLE EUROPE,87223263,0.04150601043320481
360,THONON LES BAINS,87745646,0.04403842949963903
361,MONTPELLIER SAINT-ROCH,87773002,0.059745347698334964
362,LILLE EUROPE,87223263,0.05205610965918182
363,ANNEMASSE,87745497,0.04147489539748954
364,TOULON,87755009,0.06259299163716588
365,TOULOUSE MATABIAU,87611004,0.030711912194139563
366,NIMES PONT DU GARD,87703975,0.03617852023921317
367,LYON PART DIEU,87723197,0.04144826247330616
368,VALENCIENNES,87343004,0.0465315852205006
369,AGDE,87781278,0.025719104281832664
370,CHALON SUR SAONE,87725002,0.028088594188884285
371,LILLE EUROPE,87223263,0.0497102499094531
372,PERPIGNAN,87784009,0.051605147157041724
373,DOUAI,87345009,0.013359614542268946
374,MARSEILLE ST CHARLES,87751008,0.04732554631265894
375,AEROPORT CDG2 TGV ROISSY,87271494,0.036229424741218395
376,PARIS NORD,87271007,0.04585891492294199
377,CHALON SUR SAONE,87725002,0.02508842642099202
378,AEROPORT CDG2 TGV ROISSY,87271494,0.027182499493619606
379,BOURG ST MAURICE,87741793,0.038952745849297574
380,ANNEMASSE,87745497,0.031187320564754
381,SALLANCHES COMBLOUX MEGEVE,87746438,0.037832390107760294
382,PARIS GARE DE LYON,87686006,0.05128205128205128
383,RENNES,87471003,0.027640671273445213
384,LYON-SAINT EXUPERY TGV,87762906,0.00684931506849315
385,BESANCON VIOTTE,87718007,0.018140589569160998
386,PARIS GARE DE LYON,87686006,0.018944519621109608
387,BELFORT-MONTBELIARD TGV,87300822,0.023030974813720056
388,ANTIBES,87757674,0.021701602959309493
389,ANTIBES,87757674,0.020369113017714956
390,AEROPORT CDG2 TGV ROISSY,87271494,0.01631442343344457
391,LES ARCS DRAGUIGNAN,87755447,0.013611334529480915
392,ST RAPHAEL VALESCURE,87757526,0.023166501486620413
393,ALBERTVILLE,87741645,0.01910077519379845
394,EVIAN LES BAINS,87745679,0.01775735750651931
395,ARRAS,87342014,0.01367563871448996
396,AGDE,87781278,0.0027383619616629324
397,ARRAS,87342014,0.013708019191226868
398,ST MICHEL VALLOIRE,87742361,0.005489706799750468
399,SETE,87773200,0.010992442695646743
400,CHALON SUR SAONE,87725002,0.022011005502751375
401,BELFORT-MONTBELIARD TGV,87300822,0.01928253928504351
402,MARNE LA VALLEE CHESSY,87111849,0.008273787138021814
403,CALAIS FRETHUN,87281071,0.005522434891747725
404,AIX LES BAINS LE REVARD,87741132,0.016587082181452627
405,LES ARCS DRAGUIGNAN,87755447,0.013839089136315028
406,BESANCON - F COMTE TGV,87300863,0.01939790905655624
407,LYON PART DIEU,87723197,0.013872249196040104
408,MARNE LA VALLEE CHESSY,87111849,0.019444444444444445
409,AIX EN PROVENCE TGV,87319012,0.026428945988463556
410,MARNE LA VALLEE CHESSY,87111849,0.018687430478309234
411,TOULON,87755009,0.021551213735938428
412,TGV HAUTE PICARDIE,87313882,0.030126582278481015
413,MOUTIERS SALINS BRIDES L BAINS,87741728,0.03045547246770904
414,NIMES PONT DU GARD,87703975,0.028781204111600588
415,ST MICHEL VALLOIRE,87742361,0.035754189944134075
416,TGV HAUTE PICARDIE,87313882,0.009790209790209791
417,VALENCE TGV RHONE-ALPES SUD,87763029,0.02705314009661836
418,MONTPELLIER SUD DE FRANCE,87688887,0.009071274298056157
419,TGV HAUTE PICARDIE,87313882,0.003427172582619339
420,MACON LOCHE TGV,87725705,0.027683615819209043
421,LES ARCS DRAGUIGNAN,87755447,0.07479131886477464
422,PARIS EST,87113001,0.06857142857142857
423,SALLANCHES COMBLOUX MEGEVE,87746438,0.07929698888009662
424,TGV HAUTE PICARDIE,87313882,0.07860622574519033
425,ST JEAN DE MAURIENNE ARVAN,87742320,0.06679490852535505
426,DOUAI,87345009,0.027592923226748903
427,RENNES,87471003,0.06018909676121505
428,DOUAI,87345009,0.04340540971834357
429,BOURG EN BRESSE,87743005,0.06456462396645171
430,BELFORT-MONTBELIARD TGV,87300822,0.0800376647834275
431,PERPIGNAN,87784009,0.11642476360947897
432,EPINAL,87144006,0.0629872636047858
433,AGDE,87781278,0.07809808200298611
434,NIMES PONT DU GARD,87703975,0.07230745860549902
435,MOUCHARD,87718833,0.051237614436951365
436,RANG DU FLIERS VERTON,87317057,0.04066681617702026
437,MOUTIERS SALINS BRIDES L BAINS,87741728,0.03026145002781383
438,PARIS EST,87113001,0.0900794818957904
439,ST PIERRE DES CORPS,87571240,0.05462445685909373
440,MACON VILLE,87725689,0.08870207986085948
441,BESANCON - F COMTE TGV,87300863,0.06357653996907477
442,TGV HAUTE PICARDIE,87313882,0.05339043540328337
443,VALENCE TGV RHONE-ALPES SUD,87763029,0.08671318763061882
444,ST GERVAIS LES BAINS LE FAYET,87746479,0.06694325293579917
445,ANTIBES,87757674,0.10442187554531812
446,SAVERNE,87212225,0.056541019955654095
447,SETE,87773200,0.03742046431642305
448,ST DIE DES VOSGES,87144014,0.05572628559721368
449,VALENCE TGV RHONE-ALPES SUD,87763029,0.06454893718005221
450,PERPIGNAN,87784009,0.0640904806786051
451,LES ARCS DRAGUIGNAN,87755447,0.06818409706206759
452,LUNEVILLE,87141150,0.036110189180219056
453,TGV HAUTE PICARDIE,87313882,0.07620052074750337
454,TGV HAUTE PICARDIE,87313882,0.05786855197695732
455,SAVERNE,87212225,0.053050742775412024
456,TGV HAUTE PICARDIE,87313882,0.052689352360043906
457,MOUTIERS SALINS BRIDES L BAINS,87741728,0.026166426166426164
458,MOUTIERS SALINS BRIDES L BAINS,87741728,0.034654096063192766
459,TOULON,87755009,0.08605688613281869
460,ST DIE DES VOSGES,87144014,0.042743101389150794
461,TGV HAUTE PICARDIE,87313882,0.059446126947453874
462,CHALON SUR SAONE,87725002,0.03374689826302729
463,BELLEGARDE,87745000,0.04190934023604819
464,TOULON,87755009,0.06662176229257241
465,THONON LES BAINS,87745646,0.033097070544215616
466,MONTPELLIER SUD DE FRANCE,87688887,0.057550477572240355
467,POITIERS,87575001,0.061270461030184714
468,MASSY PALAISEAU,87393579,0.05682564316838775
469,BOURG EN BRESSE,87743005,0.03226858854583741
470,SETE,87773200,0.04810186276821504
471,LORRAINE TGV,87142109,0.05178827733677026
472,ST DIE DES VOSGES,87144014,0.07918486171761281
473,ST PIERRE DES CORPS,87571240,0.04328578455484506
474,AIX EN PROVENCE TGV,87319012,0.06257908662141953
475,CHAMPAGNE-ARDENNE,87171926,0.03498842294828917
476,MARSEILLE ST CHARLES,87751008,0.0
477,ORANGE,87765107,0.03073012286400226
478,MEUSE TGV,87147322,0.049640610961365676
479,BELFORT-MONTBELIARD TGV,87300822,0.08351243475591034
480,ORANGE,87765107,0.04528553193850935
481,NANCY,87141002,0.06002924218599133
482,BEAUNE,87713545,0.03730115194733955
483,ARRAS,87342014,0.06675574704807614
484,VALENCE TGV RHONE-ALPES SUD,87763029,0.05899896968711024
485,CHARLEVILLE MEZIERES,87172007,0.043997519747661286
486,NICE VILLE,87756056,0.04374865966116234
487,CHAMPAGNE-ARDENNE,87171926,0.05800346528055444
488,NARBONNE,87781104,0.02162964533743307
489,MONTELIMAR GARE SNCF,87764001,0.04301868887893086
490,CHALONS EN CHAMPAGNE,87174003,0.0427807486631016
491,CHARLEVILLE MEZIERES,87172007,0.03545452175499882
492,BEZIERS,87781005,0.021156339123671247
493,MEUSE TGV,87147322,0.02454810345272169
494,TGV HAUTE PICARDIE,87313882,0.04883052933935166
495,NARBONNE,87781104,0.0346912226105145
496,TOULON,87755009,0.05175825848683209
497,NARBONNE,87781104,0.06521135646687697
498,COLMAR,87182014,0.04779596345014559
499,ST RAPHAEL VALESCURE,87757526,0.013584038754463507
500,ST MICHEL VALLOIRE,87742361,0.027025684336032592
501,EPINAL,87144006,0.060490746003113494
502,MASSY TGV,87393702,0.04680432645034415
503,MONTPELLIER SAINT-ROCH,87773002,0.03991098285686337
504,DOUAI,87345009,0.006617682837818111
505,MULHOUSE VILLE,87182063,0.03950330404473169
506,ANTIBES,87757674,0.058953858009825645
507,CHAMBERY CHALLES LES EAUX,87741009,0.039103869653767824
508,BEAUNE,87713545,0.032422638630620323
509,BOURG ST MAURICE,87741793,0.03871243209905828
510,ALBERTVILLE,87741645,0.04493957703927492
511,BEAUNE,87713545,0.044716879212757465
512,ST RAPHAEL VALESCURE,87757526,0.06356625379761627
513,SETE,87773200,0.03162717146112881
514,AVIGNON TGV,87318964,0.050356382486346385
515,ARLES,87753657,0.025055845980240885
516,VALENCE VILLE,87761007,0.043635696933583906
517,ARRAS,87342014,0.031018360132284185
518,PARIS GARE DE LYON,87686006,0.043217722898129654
519,ST RAPHAEL VALESCURE,87757526,0.05222852237558452
520,ARRAS,87342014,0.04892306308736903
521,LES ARCS DRAGUIGNAN,87755447,0.02434603593725525
522,AIX EN PROVENCE TGV,87319012,0.04543429844097996
523,DOUAI,87345009,0.04522178626055729
524,PERPIGNAN,87784009,0.03600900225056264
525,ST PIERRE DES CORPS,87571240,0.035842136472448556
526,SEDAN,87172254,0.017838405036726127
527,ALBERTVILLE,87741645,0.04735066913284735
528,MONTBARD,87713131,0.014729454576961402
529,VALENCE TGV RHONE-ALPES SUD,87763029,0.008797464260301443
530,LES ARCS DRAGUIGNAN,87755447,0.0467073066025586
531,VALENCE VILLE,87761007,0.03487254001153871
532,ST PIERRE DES CORPS,87571240,0.034716017868538604
533,REMIREMONT,87144451,0.025920670887952395
534,LE CREUSOT MONTCEAU MONTCHANIN,87694109,0.04014167650531287
535,VALENCE TGV RHONE-ALPES SUD,87763029,0.057091283084608445
536,NARBONNE,87781104,0.05399757596021231
537,LES ARCS DRAGUIGNAN,87755447,0.03961302402995943
538,AGDE,87781278,0.033805617698235146
539,TOULON,87755009,0.05609751067296389
540,THIONVILLE,87191007,0.019549057456158363
541,THIONVILLE,87191007,0.04449078901633646
542,ST PIERRE DES CORPS,87571240,0.03322475570032573
543,GRENOBLE,87747006,0.027568871500679083
544,AVIGNON TGV,87318964,0.038432037463162566
545,ST RAPHAEL VALESCURE,87757526,0.02186802805860953
546,MULHOUSE VILLE,87182063,0.043551356977023455
547,ARRAS,87342014,0.054210264075734926
548,LYON-SAINT EXUPERY TGV,87762906,0.016194974794585797
549,THIONVILLE,87191007,0.0403185959641876
550,MANTES LA JOLIE,87381509,0.03747441347819241
551,AGDE,87781278,0.026656735725906038
552,LYON PART DIEU,87723197,0.01592816708959594
553,MONTPELLIER SUD DE FRANCE,87688887,0.04758849944596722
554,BESANCON - F COMTE TGV,87300863,0.02106404398668009
555,ARRAS,87342014,0.041956693596591016
556,ARRAS,87342014,0.04178668817452088
557,CHAMPAGNE-ARDENNE,87171926,0.03381466959931147
558,PARIS MONTPARNASSE 1 ET 2,87391003,0.046632124352331605
559,THIONVILLE,87191007,0.03955500618046971
560,ARRAS,87342014,0.03546099290780142
561,NANTES,87481002,0.027180067950169876
562,PARIS MONTPARNASSE 1 ET 2,87391003,0.02391304347826087
563,CANNES,87757625,0.03595347197744096
564,SELESTAT,87214056,0.02059025394646534
565,ARRAS,87342014,0.010030090270812437
566,NIMES PONT DU GARD,87703975,0.03129074315514994
567,BELFORT-MONTBELIARD TGV,87300822,0.03434022257551669
568,PARIS MONTPARNASSE 1 ET 2,87391003,0.0260707635009311
569,LANDERNEAU,87474239,0.02280718426304286
570,MACON VILLE,87725689,0.017465554046186688
571,BELFORT-MONTBELIARD TGV,87300822,0.02775299831499653
572,MASSY TGV,87393702,0.02431118314424635
573,VALENCE TGV RHONE-ALPES SUD,87763029,0.026929052304505437
574,DOUAI,87345009,0.027548209366391185
575,REDON,87471300,0.03904131872898818
576,VALENCE TGV RHONE-ALPES SUD,87763029,0.02665482007996446
577,MASSY TGV,87393702,0.029589165813133037
578,PARIS MONTPARNASSE 1 ET 2,87391003,0.028004667444574097
579,DOUAI,87345009,0.03830958936908895
580,BESANCON - F COMTE TGV,87300863,0.04424778761061947
581,PARIS MONTPARNASSE 1 ET 2,87391003,0.05556257103169592
582,CHATELLERAULT,87575142,0.023370553103090105
583,BORDEAUX ST JEAN,87581009,0.04542418169672679
584,PARIS MONTPARNASSE 1 ET 2,87391003,0.04127682993946065
585,PARIS NORD,87271007,0.025528293859027086
586,MORLAIX,87474338,0.03511852502194908
587,AEROPORT CDG2 TGV ROISSY,87271494,0.03929273084479371
588,PARIS MONTPARNASSE 1 ET 2,87391003,0.0625
589,LILLE EUROPE,87223263,0.036740461610927935
590,LANDRY,87741777,0.03611349957007738
591,SARREBOURG,87215012,0.02372479240806643
592,PARIS MONTPARNASSE 1 ET 2,87391003,0.024158125915080524
593,LILLE EUROPE,87223263,0.036797274275979557
594,MASSY TGV,87393702,0.02676864244741874
595,THIONVILLE,87191007,0.03134386835575291
596,PORNICHET,87481747,0.022091310751104567
597,LILLE EUROPE,87223263,0.024721878862793572
598,GUINGAMP,87473207,0.03383617651205414
599,TGV HAUTE PICARDIE,87313882,0.004344677769732078
600,NANTES,87481002,0.03573023671281822
601,LE CREUSOT MONTCEAU MONTCHANIN,87694109,0.032164190534538215
602,SABLE SUR SARTHE,87396408,0.018924459864374705
603,LYON PERRACHE,87722025,0.02681618722574354
604,NICE VILLE,87756056,0.04274937133277452
605,RENNES,87471003,0.036351047256361436
606,LILLE EUROPE,87223263,0.01878690284487386
607,ORTHEZ,87672253,0.04443621551564525
608,BOURG ST MAURICE,87741793,0.04028390562056397
609,PARIS NORD,87271007,0.05373134328358209
610,MOUTIERS SALINS BRIDES L BAINS,87741728,0.04445542109162756
611,ST JEAN DE MAURIENNE ARVAN,87742320,0.04413928396272683
612,ST PIERRE DES CORPS,87571240,0.020452885317750184
613,MARSEILLE ST CHARLES,87751008,0.043520309477756286
614,ST AVRE LA CHAMBRE,87741306,0.04321728691476591
615,CALAIS FRETHUN,87281071,0.05150214592274678
616,DOL DE BRETAGNE,87478073,0.045465309022022254
617,TOULON,87755009,0.045155221072436504
618,BAYONNE,87673004,0.04204625087596356
619,LENS,87345025,0.044547563805104405
620,SABLE SUR SARTHE,87396408,0.0442498271491127
621,POITIERS,87575001,0.0521978021978022
622,ROUEN RIVE DROITE,87411017,0.040937002501705705
623,CHAMBERY CHALLES LES EAUX,87741009,0.04338002711251695
624,MONTPELLIER SAINT-ROCH,87773002,0.04040404040404041
625,ST JEAN DE LUZ CIBOURE,87677120,0.04014272970561998
626,VALENCE TGV RHONE-ALPES SUD,87763029,0.04254376246399291
627,LA ROCHE SUR YON,87486019,0.02906208718626156
628,ALBERTVILLE,87741645,0.03937869175235178
629,ST MALO,87478107,0.04173913043478261
630,LYON PART DIEU,87723197,0.028515878159429683
631,AEROPORT CDG2 TGV ROISSY,87271494,0.0360669815371404
632,SABLE SUR SARTHE,87396408,0.02560273095796885
633,VALENCE TGV RHONE-ALPES SUD,87763029,0.035623409669211195
634,AEROPORT CDG2 TGV ROISSY,87271494,0.03287671232876712
635,ARRAS,87342014,0.025136154168412233
636,AEROPORT CDG2 TGV ROISSY,87271494,0.037476577139287946
637,RENNES,87471003,0.024834437086092714
638,AEROPORT CDG2 TGV ROISSY,87271494,0.03456078996091339
639,MODANE,87742007,0.0392638036809816
640,SABLE SUR SARTHE,87396408,0.024395202276885544
641,MONTPELLIER SUD DE FRANCE,87688887,0.03395311236863379
642,LE CREUSOT MONTCEAU MONTCHANIN,87694109,0.0216998191681736
643,MOUTIERS SALINS BRIDES L BAINS,87741728,0.033559728326008786
644,ALBERTVILLE,87741645,0.0381330685203575
645,MARNE LA VALLEE CHESSY,87111849,0.02843601895734597
646,LILLE FLANDRES,87286005,0.028274101708226976
647,LA ROCHE SUR YON,87486019,0.04217102694260055
648,MARNE LA VALLEE CHESSY,87111849,0.030285381479324403
649,ST MICHEL VALLOIRE,87742361,0.030115830115830116
650,CHAMBERY CHALLES LES EAUX,87741009,0.03685928201190248
651,MONTPELLIER SUD DE FRANCE,87688887,0.03665521191294387
652,PARIS EST,87113001,0.03645338902601101
653,ALBERTVILLE,87741645,0.02945619335347432
654,BOURG ST MAURICE,87741793,0.036056338028169016
655,ST JEAN DE MAURIENNE ARVAN,87742320,0.03586103847590586
656,LYON PERRACHE,87722025,0.0245216422069478
657,PARIS EST,87113001,0.04878048780487805
658,CALAIS FRETHUN,87281071,0.022251891410769917
659,RENNES,87471003,0.03573023671281822
660,ALBERTVILLE,87741645,0.031376064545047065
661,PERPIGNAN,87784009,0.03598740440845704
662,NIMES,87775007,0.040632054176072234
663,RENNES,87471003,0.03171726325328501
664,NANCY,87141002,0.02955889040472942
665,BELFORT-MONTBELIARD TGV,87300822,0.03423094477407577
666,MARSEILLE ST CHARLES,87751008,0.03664681630783326
667,PARIS EST,87113001,0.020689655172413793
668,REDON,87471300,0.041532071988924786
669,PARIS EST,87113001,0.04631773969430292
670,NANCY,87141002,0.032543003254300325
671,MONTPELLIER SAINT-ROCH,87773002,0.04199720018665422
672,BOURG ST MAURICE,87741793,0.03747072599531616
673,BEAUNE,87713545,0.03761165961448049
674,AIME LA PLAGNE,87741769,0.037753657385559226
675,CHALON SUR SAONE,87725002,0.04263382283278067
676,CHALON SUR SAONE,87725002,0.01426533523537803
677,LUNEVILLE,87141150,0.028639618138424822
678,AIME LA PLAGNE,87741769,0.03833253473885961
679,PARIS NORD,87271007,0.02405002405002405
680,POITIERS,87575001,0.031385803959439885
681,RENNES,87471003,0.033931168201648085
682,AEROPORT CDG2 TGV ROISSY,87271494,0.019464720194647202
683,GUINGAMP,87473207,0.029311187103077677
684,LYON PERRACHE,87722025,0.01716527709661599
685,ST AVRE LA CHAMBRE,87741306,0.03938946331856229
686,BOURG ST MAURICE,87741793,0.03954522985664854
687,MARNE LA VALLEE CHESSY,87111849,0.02729528535980149
688,RENNES,87471003,0.039860488290981565
689,MARNE LA VALLEE CHESSY,87111849,0.03501750875437719
690,TOULON,87755009,0.04018081366147665
691,CLUSES  74,87746370,0.037821482602118
692,ARRAS,87342014,0.012658227848101266
693,TGV HAUTE PICARDIE,87313882,0.03558718861209965
694,LISON,87447219,0.0408371618172537
695,ALBERTVILLE,87741645,0.04100461301896464
696,NANTES,87481002,0.028306742151312403
697,VITRE,87471508,0.020671834625323
698,TGV HAUTE PICARDIE,87313882,0.04411001556824079
699,LORRAINE TGV,87142109,0.041688379364252216
700,MARSEILLE ST CHARLES,87751008,0.04709576138147567
701,BESANCON - F COMTE TGV,87300863,0.007882291119285338
702,PLOUARET TREGOR,87473181,0.0316622691292876
703,LUNEVILLE,87141150,0.015898251192368842
704,NANTES,87481002,0.03459286854709952
705,TGV HAUTE PICARDIE,87313882,0.03741314804917157
706,CHAMPAGNE-ARDENNE,87171926,0.040257648953301126
707,ST GERVAIS LES BAINS LE FAYET,87746479,0.03773584905660377
708,QUIMPER,87474098,0.051434759068760154
709,ST DIE DES VOSGES,87144014,0.008156606851549755
710,ANTIBES,87757674,0.04096122337520481
711,LANDERNEAU,87474239,0.04388370817334065
712,MOUTIERS SALINS BRIDES L BAINS,87741728,0.0440771349862259
713,TGV HAUTE PICARDIE,87313882,0.01936912008854455
714,SALLANCHES COMBLOUX MEGEVE,87746438,0.038910505836575876
715,LANNION,87473223,0.02791736460078169
716,PARIS NORD,87271007,0.025238362310712283
717,RENNES,87471003,0.04788732394366197
718,VANNES,87476606,0.039615166949632144
719,SEDAN,87172254,0.03411028993746447
720,ST BRIEUC,87473009,0.05139920045688178
721,AVIGNON TGV,87318964,0.040160642570281124
722,BELFORT-MONTBELIARD TGV,87300822,0.011527377521613832
723,QUIMPER,87474098,0.055008685581933996
724,AIX EN PROVENCE TGV,87319012,0.04653868528214078
725,BESANCON - F COMTE TGV,87300863,0.046756282875511396
726,LE MANS,87396002,0.06459189665296536
727,LES ARCS DRAGUIGNAN,87755447,0.0471976401179941
728,ST BRIEUC,87473009,0.05334914048606995
729,VALENCE TGV RHONE-ALPES SUD,87763029,0.0357355568790947
730,LYON PART DIEU,87723197,0.04488330341113106
731,MORLAIX,87474338,0.057125676488274206
732,MULHOUSE VILLE,87182063,0.030211480362537766
733,ST PIERRE DES CORPS,87571240,0.03642987249544627
734,LORRAINE TGV,87142109,0.01525320317266626
735,BORDEAUX ST JEAN,87581009,0.05211526670754139
736,LORRAINE TGV,87142109,0.006161429451632779
737,BESANCON - F COMTE TGV,87300863,0.03715170278637771
738,BOURG ST MAURICE,87741793,0.059116365899191045
739,SELESTAT,87214056,0.015634771732332707
740,HYERES,87755629,0.01571338780641106
741,ST PIERRE DES CORPS,87571240,0.031585596967782695
742,PERPIGNAN,87784009,0.01904761904761905
743,ST MICHEL VALLOIRE,87742361,0.05743458838544991
744,DOUAI,87345009,0.05772931366260423
745,NICE VILLE,87756056,0.054803352675693105
746,REDON,87471300,0.04536616979909268
747,BELFORT-MONTBELIARD TGV,87300822,0.03908794788273615
748,ALBERTVILLE,87741645,0.062213490504256716
749,NANTES,87481002,0.05924950625411455
750,MORLAIX,87474338,0.03309066843150232
751,NANTES,87481002,0.05322687957418497
752,NIMES PONT DU GARD,87703975,0.056856187290969896
753,MARNE LA VALLEE CHESSY,87111849,0.020174848688634835
754,LYON-SAINT EXUPERY TGV,87762906,0.04056795131845842
755,MARNE LA VALLEE CHESSY,87111849,0.02379333786539769
756,BESANCON - F COMTE TGV,87300863,0.054682159945317846
757,SALLANCHES COMBLOUX MEGEVE,87746438,0.06529209621993128
758,LES ARCS DRAGUIGNAN,87755447,0.055286800276434005
759,THIONVILLE,87191007,0.03127171646977067
760,VALENCE TGV RHONE-ALPES SUD,87763029,0.04891684136967156
761,THIONVILLE,87191007,0.04919184820801125
762,ARRAS,87342014,0.06713780918727916
763,QUIMPER,87474098,0.03553660270078181
764,ST PIERRE DES CORPS,87571240,0.02501786990707648
765,MONTPELLIER SAINT-ROCH,87773002,0.05391804457225018
766,TGV HAUTE PICARDIE,87313882,0.05061460592913956
767,NANTES,87481002,0.05818181818181818
768,NIMES,87775007,0.01097293343087052
769,MARNE LA VALLEE CHESSY,87111849,0.04047093451066961
770,ETAPLES LE TOUQUET,87317065,0.029607698001480387
771,QUIMPER,87474098,0.07073715562174238
772,MARNE LA VALLEE CHESSY,87111849,0.052434456928838954
773,THIONVILLE,87191007,0.037678975131876416
774,MORLAIX,87474338,0.07202426080363912
775,NANTES,87481002,0.04958047292143402
776,FUTUROSCOPE,87324095,0.034535686876438994
777,MONTPELLIER SAINT-ROCH,87773002,0.05791505791505792
778,LE POULIGUEN,87481762,0.015540015540015542
779,SELESTAT,87214056,0.08600469116497264
780,AIX EN PROVENCE TGV,87319012,0.05900865460267506
781,ALBERTVILLE,87741645,0.05938242280285036
782,NANCY,87141002,0.06374501992031872
783,CHALONS EN CHAMPAGNE,87174003,0.0400962309542903
784,CANNES,87757625,0.016142050040355127
785,ALBERTVILLE,87741645,0.07717303005686434
786,MOUTIERS SALINS BRIDES L BAINS,87741728,0.05723630417007359
787,LA BAULE ESCOUBLAC,87481754,0.01646090534979424
788,REMIREMONT,87144451,0.09113504556752279
789,ST RAPHAEL VALESCURE,87757526,0.07089241034195164
790,AVIGNON TGV,87318964,0.05877413937867339
791,ARRAS,87342014,0.0676246830092984
792,MONTPELLIER SUD DE FRANCE,87688887,0.06382978723404255
793,DOUAI,87345009,0.05569837189374465
794,ANCENIS,87481192,0.04314063848144953
795,PARIS EST,87113001,0.06950477845351868
796,CLUSES  74,87746370,0.0699912510936133
797,MARNE LA VALLEE CHESSY,87111849,0.030837004405286344
798,PARIS NORD,87271007,0.022080723015302454
799,CANNES,87757625,0.07525996087717492
800,LORIENT,87476002,0.07988440499535555
801,LES ARCS DRAGUIGNAN,87755447,0.07118468701500259
802,BAR LE DUC,87175042,0.01784047297998133
803,ROUEN RIVE DROITE,87411017,0.05365498596235833
804,ST NAZAIRE,87481705,0.03585948087146878
805,LYON PART DIEU,87723197,0.07189884000418016
806,RENNES,87471003,0.06306966998428497
807,MOUTIERS SALINS BRIDES L BAINS,87741728,0.07226131708854112
808,VALENCE TGV RHONE-ALPES SUD,87763029,0.06338843845424871
809,SAVERNE,87212225,0.09078433442415286
810,PARIS NORD,87271007,0.050058207217694994
811,AIME LA PLAGNE,87741769,0.06843501326259947
812,DOUAI,87345009,0.08233166684395277
813,MONTPELLIER SUD DE FRANCE,87688887,0.06878532579716327
814,BEAUNE,87713545,0.041377098257243665
815,BOURG ST MAURICE,87741793,0.07374852610140421
816,NIMES PONT DU GARD,87703975,0.0646963997850618
817,DOUAI,87345009,0.05559745717056352
818,MARSEILLE ST CHARLES,87751008,0.07432213460084261
819,NICE VILLE,87756056,0.07451532546301311
820,CHATELLERAULT,87575142,0.0653708328808774
821,ST RAPHAEL VALESCURE,87757526,0.0749047359825803
822,NIMES PONT DU GARD,87703975,0.06571335007095296
823,MORLAIX,87474338,0.08941665754624056
824,MACON VILLE,87725689,0.03774827169976956
825,LA ROCHE SUR YON,87486019,0.0662339091209154
826,LYON PART DIEU,87723197,0.08538334252619967
827,PARIS MONTPARNASSE 1 ET 2,87391003,0.07609777679460236
828,STRASBOURG,87212027,0.019075080403681933
829,PARIS MONTPARNASSE 1 ET 2,87391003,0.07172245079506283
830,NANTES,87481002,0.11506299475972795
831,POITIERS,87575001,0.043264393515930685
832,LILLE EUROPE,87223263,0.07712139894630647
833,DOUAI,87345009,0.07732943688883893
834,VANNES,87476606,0.0872309252789361
835,ST RAPHAEL VALESCURE,87757526,0.08260820431687196
836,ALBERTVILLE,87741645,0.07796033994334277
837,LORRAINE TGV,87142109,0.09283036018634247
838,BEAUNE,87713545,0.039193346245869884
839,MONTAUBAN VILLE BOURBON,87611244,0.0786016223009254
840,AEROPORT CDG2 TGV ROISSY,87271494,0.034482758620689655
841,DOUAI,87345009,0.07884200800739144
842,MARSEILLE ST CHARLES,87751008,0.07886629698089957
843,AIX EN PROVENCE TGV,87319012,0.07395993836671803
844,PARIS MONTPARNASSE 1 ET 2,87391003,0.059186189889025895
845,MOUTIERS SALINS BRIDES L BAINS,87741728,0.07400555041628122
846,VALENCE TGV RHONE-ALPES SUD,87763029,0.05922270203578038
847,PARIS MONTPARNASSE 1 ET 2,87391003,0.07898796667695156
848,POITIERS,87575001,0.019753086419753086
849,SARREBOURG,87215012,0.04939796233405372
850,AIME LA PLAGNE,87741769,0.07906114885731934
851,MONTPELLIER SUD DE FRANCE,87688887,0.07908557306147668
852,LORRAINE TGV,87142109,0.024721878862793572
853,DOUAI,87345009,0.03956723338485317
854,SABLE SUR SARTHE,87396408,0.06926406926406926
855,SAVERNE,87212225,0.039591710485617077
856,PARIS MONTPARNASSE 1 ET 2,87391003,0.07920792079207921
857,NANTES,87481002,0.0801457194899818
858,ROUEN RIVE DROITE,87411017,0.07096774193548387
859,PARIS AUSTERLITZ,87547000,0.06156716417910448
860,ST PIERRE DES CORPS,87571240,0.057129367327667616
861,BAR LE DUC,87175042,0.0841300191204589
862,THIONVILLE,87191007,0.015972894482090997
863,ST PIERRE DES CORPS,87571240,0.06470588235294117
864,CHARLEVILLE MEZIERES,87172007,0.038232373386295926
865,LYON PART DIEU,87723197,0.0829979879275654
866,AGDE,87781278,0.10652395514780835
867,ST PIERRE DES CORPS,87571240,0.09090909090909091
868,PARIS NORD,87271007,0.04031413612565445
869,SEDAN,87172254,0.0583864118895966
870,PARIS NORD,87271007,0.053283100107642624
871,PARIS NORD,87271007,0.10807860262008734
872,DOUAI,87345009,0.09745293466223698
873,MEUSE TGV,87147322,0.09269662921348315
874,EPINAL,87144006,0.02508551881413911
875,TGV HAUTE PICARDIE,87313882,0.08275462962962962
876,MOUTIERS SALINS BRIDES L BAINS,87741728,0.09048178613396005
877,BORDEAUX ST JEAN,87581009,0.10501193317422433
878,NANCY,87141002,0.09333333333333334
879,NANTES,87481002,0.08996539792387544
880,PARIS MONTPARNASSE 1 ET 2,87391003,0.028037383177570093
881,ST PIERRE DES CORPS,87571240,0.028450595924644367
882,LYON PERRACHE,87722025,0.0360952133194589
883,POITIERS,87575001,0.01710022448171134
884,SEDAN,87172254,0.017363904532046125
885,NANTES,87481002,0.04031049979572382
886,BEAUNE,87713545,0.028154399557277256
887,PARIS MONTPARNASSE 1 ET 2,87391003,0.046815689582454655
888,LA ROCHELLE VILLE,87485003,0.031723349528436695
889,ST PIERRE DES CORPS,87571240,0.03494115937817812
890,SETE,87773200,0.05193557919621749
891,LYON PART DIEU,87723197,0.0305877047948294
892,ARCACHON,87582668,0.016977669011930253
893,VERSAILLES CHANTIERS,87393009,0.03456328818309201
894,PARIS NORD,87271007,0.046924540266328474
895,AEROPORT CDG2 TGV ROISSY,87271494,0.035846923946391086
896,AURAY,87476200,0.036525172754195465
897,ST PIERRE DES CORPS,87571240,0.04343451282911286
898,BAR LE DUC,87175042,0.03163474692202462
899,AEROPORT CDG2 TGV ROISSY,87271494,0.04195011337868481
900,MARSEILLE ST CHARLES,87751008,0.04610181559273763
901,COLMAR,87182014,0.0336180265309831
902,ST PIERRE DES CORPS,87571240,0.04120267260579065
903,MONTAUBAN VILLE BOURBON,87611244,0.05613502749857766
904,CHATELLERAULT,87575142,0.03586661496704149
905,COLMAR,87182014,0.05869522109855245
906,NIMES,87775007,0.052556818181818184
907,BOURG ST MAURICE,87741793,0.05381259089964678
908,ST PIERRE DES CORPS,87571240,0.035440613026819924
909,MONTPELLIER SAINT-ROCH,87773002,0.06458651538293694
910,AEROPORT CDG2 TGV ROISSY,87271494,0.049686660698299016
911,LYON PART DIEU,87723197,0.10199862164024809
912,PARIS MONTPARNASSE 1 ET 2,87391003,0.048017932987258136
913,AIME LA PLAGNE,87741769,0.09422750424448217
914,PARIS GARE DE LYON,87686006,0.06000499001996007
915,DOUAI,87345009,0.0760339070125867
916,SALLANCHES COMBLOUX MEGEVE,87746438,0.06855479089465326
917,BAYONNE,87673004,0.08080808080808081
918,POITIERS,87575001,0.04540023894862605
919,ST PIERRE DES CORPS,87571240,0.07053831874834261
920,AVIGNON TGV,87318964,0.09058402860548272
921,PARIS AUSTERLITZ,87547000,0.03015873015873016
922,AEROPORT CDG2 TGV ROISSY,87271494,0.05522526093275202
923,VITRE,87471508,0.04513064133016627
924,MASSY TGV,87393702,0.030051403716884143
925,ARCACHON,87582668,0.07003686150605581
926,MONTPELLIER SUD DE FRANCE,87688887,0.07495069033530573
927,AIME LA PLAGNE,87741769,0.079852902547938
928,AEROPORT CDG2 TGV ROISSY,87271494,0.06978879706152433
929,PARIS MONTPARNASSE 1 ET 2,87391003,0.05476939203354298
930,NIMES,87775007,0.07957073681455307
931,REIMS,87171009,0.019869281045751634
932,AEROPORT CDG2 TGV ROISSY,87271494,0.06946076511293903
933,LILLE FLANDRES,87286005,0.06442357850808555
934,LE CROISIC,87481788,0.08909730363423213
935,LYON PERRACHE,87722025,0.04944054124381993
936,ARRAS,87342014,0.024691358024691357
937,ST PIERRE DES CORPS,87571240,0.059190031152647975
938,ANTIBES,87757674,0.08375469985738364
939,LANDRY,87741777,0.07873607873607874
940,FACTURE BIGANOS,87582478,0.06881386625274867
941,TOULOUSE MATABIAU,87611004,0.06873385012919897
942,CHAMPAGNE-ARDENNE,87171926,0.024519292811975738
943,CHAMPAGNE-ARDENNE,87171926,0.05877803557617942
944,ANGOULEME,87583005,0.07338740826573967
945,MASSY TGV,87393702,0.07330246913580248
946,ST PIERRE DES CORPS,87571240,0.06833654463712267
947,RENNES,87471003,0.09751090582499358
948,ARRAS,87342014,0.04869921824939126
949,PORNICHET,87481747,0.08755760368663595
950,BELFORT-MONTBELIARD TGV,87300822,0.06316327835315177
951,ROUEN RIVE DROITE,87411017,0.05823754789272031
952,ARCACHON,87582668,0.019390228345452228
953,AEROPORT CDG2 TGV ROISSY,87271494,0.024209989806320085
954,AEROPORT CDG2 TGV ROISSY,87271494,0.043528064146620846
955,ST MALO,87478107,0.05314009661835749
956,BAYONNE,87673004,0.04825396825396826
957,STRASBOURG,87212027,0.0867579908675799
958,TARBES,87671008,0.09628784999366527
959,TGV HAUTE PICARDIE,87313882,0.01923563654770944
960,ALBERTVILLE,87741645,0.0720515737580584
961,THIONVILLE,87191007,0.03838383838383838
962,ANTIBES,87757674,0.08147307352755706
963,VENDOME VILLIERS SUR LOIR,87571216,0.02872260015117158
964,PARIS NORD,87271007,0.062161822071221846
965,ST GERVAIS LES BAINS LE FAYET,87746479,0.07164404223227752
966,MASSY TGV,87393702,0.038166980539861894
967,PARIS GARE DE LYON,87686006,0.0762478053674442
968,SARREBOURG,87215012,0.04760115244895403
969,THIONVILLE,87191007,0.07607607607607607
970,PARIS GARE DE LYON,87686006,0.0712410948631421
971,AVIGNON TGV,87318964,0.06641697877652934
972,STRASBOURG,87212027,0.06634243671280708
973,CHALON SUR SAONE,87725002,0.037867463876432486
974,ROUEN RIVE DROITE,87411017,0.07092198581560284
975,AIX LES BAINS LE REVARD,87741132,0.05667412378821775
976,SAVERNE,87212225,0.04717566728739914
977,TGV HAUTE PICARDIE,87313882,0.06597222222222222
978,ORTHEZ,87672253,0.04707048185309055
979,LILLE EUROPE,87223263,0.05642167780252413
980,ROUEN RIVE DROITE,87411017,0.018786305771845258
981,LYON PART DIEU,87723197,0.046913580246913576
982,TGV HAUTE PICARDIE,87313882,0.06560611666050067
983,ST NAZAIRE,87481705,0.07489529440748953
984,METZ VILLE,87192039,0.07481235388212132
985,BELFORT-MONTBELIARD TGV,87300822,0.03736479842674533
986,TOULOUSE MATABIAU,87611004,0.05598526703499079
987,TGV HAUTE PICARDIE,87313882,0.08854549914152564
988,QUIMPER,87474098,0.060516966801421046
989,PARIS GARE DE LYON,87686006,0.06045031815956926
990,LILLE EUROPE,87223263,0.06967363403006968
991,ARRAS,87342014,0.0463980463980464
992,BREST,87474007,0.09269423100378095
993,BEAUNE,87713545,0.027777777777777776
994,MONTPELLIER SAINT-ROCH,87773002,0.07399294146282098
995,ARRAS,87342014,0.05543398978847557
996,LA ROCHE SUR YON,87486019,0.07383120825743776
997,PARIS GARE DE LYON,87686006,0.06453178068898593
998,ANNEMASSE,87745497,0.07367018054040955
999,MARSEILLE ST CHARLES,87751008,0.06899055918663761
1000,DOUAI,87345009,0.08269858541893362
1001,ALBERTVILLE,87741645,0.07342995169082125
1002,BESANCON - F COMTE TGV,87300863,0.06876583423814694
1003,TARBES,87671008,0.0549530007230658
1004,LILLE EUROPE,87223263,0.08234019501625135
1005,NIMES PONT DU GARD,87703975,0.05483405483405483
1006,CARENTAN,87447243,0.07303303303303303
1007,TARBES,87671008,0.045596352291816654
1008,NIMES PONT DU GARD,87703975,0.0819848975188781
1009,ROUEN RIVE DROITE,87411017,0.06824712643678162
1010,LILLE EUROPE,87223263,0.0545389307499103
1011,ST JEAN DE LUZ CIBOURE,87677120,0.05448028673835125
1012,ST JEAN DE LUZ CIBOURE,87677120,0.027210884353741496
1013,CALAIS FRETHUN,87281071,0.05436337625178827
1014,LES ARCS DRAGUIGNAN,87755447,0.058830534714779094
1015,VERSAILLES CHANTIERS,87393009,0.06328812752795622
1016,NIMES PONT DU GARD,87703975,0.05418894830659537
1017,TOULOUSE MATABIAU,87611004,0.07217473884140552
1018,PARIS GARE DE LYON,87686006,0.09913435313648761
1019,REDON,87471300,0.06301824212271974
1020,ST GERVAIS LES BAINS LE FAYET,87746479,0.0629511300437818
1021,LYON PERRACHE,87722025,0.07186761229314421
1022,RENNES,87471003,0.08525209587908844
1023,TOULOUSE MATABIAU,87611004,0.06275064873790988
1024,NARBONNE,87781104,0.08507128549546365
1025,BESANCON - F COMTE TGV,87300863,0.026836158192090398
1026,REDON,87471300,0.06255144032921811
1027,BESANCON - F COMTE TGV,87300863,0.0714117923420249
1028,LILLE EUROPE,87223263,0.06687785990848293
1029,SABLE SUR SARTHE,87396408,0.0712611345522738
1030,MONTBARD,87713131,0.053389532841587636
1031,PARIS NORD,87271007,0.08
1032,NANTES,87481002,0.04871999291345558
1033,RENNES,87471003,0.07062146892655367
1034,NIMES PONT DU GARD,87703975,0.008797395970792645
1035,LILLE EUROPE,87223263,0.07013852358407856
1036,BOURG ST MAURICE,87741793,0.06989951944080385
1037,CHALON SUR SAONE,87725002,0.04353883664228492
1038,ROUEN RIVE DROITE,87411017,0.0650872168706066
1039,LISIEUX,87444265,0.06919218128351497
1040,REDON,87471300,0.07757951900698215
1041,BEAUNE,87713545,0.034364261168384876
1042,CALAIS FRETHUN,87281071,0.034249507663327336
1043,BELFORT-MONTBELIARD TGV,87300822,0.06400409626216078
1044,PARIS GARE DE LYON,87686006,0.0680445691928213
1045,NARBONNE,87781104,0.06358087487283826
1046,LANDRY,87741777,0.06337135614702155
1047,NIMES PONT DU GARD,87703975,0.05895233282802763
1048,RENNES,87471003,0.046168051708217916
1049,AGDE,87781278,0.07948460508701473
1050,MOUTIERS SALINS BRIDES L BAINS,87741728,0.06254691018263699
1051,MONTPELLIER SAINT-ROCH,87773002,0.058187863674147966
1052,ST GERVAIS LES BAINS LE FAYET,87746479,0.07042837020465656
1053,NICE VILLE,87756056,0.06194251734390486
1054,MOUTIERS SALINS BRIDES L BAINS,87741728,0.0658598830987075
1055,MANTES LA JOLIE,87381509,0.05744296733957
1056,LANDRY,87741777,0.06134969325153374
1057,ANNEMASSE,87745497,0.016307893020221786
1058,MODANE,87742007,0.060960741282613994
1059,SALLANCHES COMBLOUX MEGEVE,87746438,0.060768108896451144
1060,LYON PART DIEU,87723197,0.0646151360956304
1061,TGV HAUTE PICARDIE,87313882,0.05636070853462158
1062,AGDE,87781278,0.06019744762822056
1063,ST BRIEUC,87473009,0.07201152184349496
1064,BELLEGARDE,87745000,0.05583472920156337
1065,MONTPELLIER SAINT-ROCH,87773002,0.05566157760814249
1066,RENNES,87471003,0.06341656757827982
1067,ANTIBES,87757674,0.0158052789631737
1068,BESANCON - F COMTE TGV,87300863,0.06302686520129205
1069,AURAY,87476200,0.0471253534401508
1070,PARIS NORD,87271007,0.0626419231070394
1071,FUTUROSCOPE,87324095,0.0117096018735363
1072,AEROPORT CDG2 TGV ROISSY,87271494,0.015565413650867771
1073,AEROPORT CDG2 TGV ROISSY,87271494,0.027157045313469897
1074,AVIGNON TGV,87318964,0.038678734431809386
1075,BEAUNE,87713545,0.03856239395341663
1076,ARRAS,87342014,0.06151480199923106
1077,ST MICHEL VALLOIRE,87742361,0.04983134007973015
1078,ST BRIEUC,87473009,0.0687915615684476
1079,LES ARCS DRAGUIGNAN,87755447,0.060966316110349035
1080,AGDE,87781278,0.0721829648203024
1081,LYON-SAINT EXUPERY TGV,87762906,0.022727272727272728
1082,REDON,87471300,0.05287408414532819
1083,LE CREUSOT MONTCEAU MONTCHANIN,87694109,0.052718782949239346
1084,BELFORT-MONTBELIARD TGV,87300822,0.06382818953217692
1085,ETAPLES LE TOUQUET,87317065,0.014974543276430068
1086,LANDERNEAU,87474239,0.05225830533781262
1087,LYON PART DIEU,87723197,0.037218996575852314
1088,HYERES,87755629,0.007422251911229868
1089,PERPIGNAN,87784009,0.051805802249851984
1090,BELLEGARDE,87745000,0.06641576267434138
1091,MACON LOCHE TGV,87725705,0.044150110375275935
1092,VITRE,87471508,0.029349181891554773
1093,NARBONNE,87781104,0.036581796897863623
1094,PLOUARET TREGOR,87473181,0.05836433938863355
1095,REDON,87471300,0.06547359231776516
1096,ARRAS,87342014,0.06528835690968444
1097,ST BRIEUC,87473009,0.03616898148148148
1098,ST AVRE LA CHAMBRE,87741306,0.06852773569934358
1099,ST RAPHAEL VALESCURE,87757526,0.05394907207596029
1100,SETE,87773200,0.0681443225019726
1101,ST RAPHAEL VALESCURE,87757526,0.050071530758226034
1102,ARRAS,87342014,0.06063199942934589
1103,ST BRIEUC,87473009,0.049793711765542745
1104,LYON PERRACHE,87722025,0.056749663048875645
1105,BELFORT-MONTBELIARD TGV,87300822,0.028296547821165814
1106,PLOUARET TREGOR,87473181,0.02821869488536155
1107,AIX EN PROVENCE TGV,87319012,0.038694245110454474
1108,ST BRIEUC,87473009,0.021048200378867607
1109,ARRAS,87342014,0.0559753708368318
1110,BOURG ST MAURICE,87741793,0.055823040960156306
1111,ST RAPHAEL VALESCURE,87757526,0.08350730688935283
1112,MIRAMAS,87753004,0.027760427510583663
1113,ARRAS,87342014,0.05537098560354375
1114,AIME LA PLAGNE,87741769,0.062124663491406086
1115,BESANCON - F COMTE TGV,87300863,0.05163155720776539
1116,ARRAS,87342014,0.06522485410230003
1117,RENNES,87471003,0.06505067104902766
1118,BELFORT-MONTBELIARD TGV,87300822,0.023902205832138222
1119,FRASNE,87715136,0.040866366979975484
1120,DOUAI,87345009,0.06793016778751443
1121,CHAMBERY CHALLES LES EAUX,87741009,0.06436314363143632
1122,EVREUX - NORMANDIE,87387001,0.054057706601797414
1123,TGV HAUTE PICARDIE,87313882,0.04717616929505324
1124,BEAUNE,87713545,0.03696981918397526
1125,ARRAS,87342014,0.043577366586216144
1126,SALLANCHES COMBLOUX MEGEVE,87746438,0.06018054162487462
1127,ST GERVAIS LES BAINS LE FAYET,87746479,0.03334667200213419
1128,BELLEGARDE,87745000,0.029934144881261223
1129,PERPIGNAN,87784009,0.05307855626326964
1130,DOUAI,87345009,0.05294156574680696
1131,PARIS MONTPARNASSE 1 ET 2,87391003,0.052805280528052806
1132,AURAY,87476200,0.03274754393420494
1133,VITRE,87471508,0.051993153573289014
1134,ST MICHEL VALLOIRE,87742361,0.045146837998178375
1135,DOUAI,87345009,0.0480052769159358
1136,REDON,87471300,0.03176296583662682
1137,ARRAS,87342014,0.05044160469761509
1138,SALLANCHES COMBLOUX MEGEVE,87746438,0.03129254950672432
1139,PARIS MONTPARNASSE 1 ET 2,87391003,0.0341687809736087
1140,ST AVRE LA CHAMBRE,87741306,0.024668691005814092
1141,BESANCON - F COMTE TGV,87300863,0.0397962283551048
1142,DOUAI,87345009,0.015196158040043617
1143,AGDE,87781278,0.021122705180475893
1144,ST PIERRE DES CORPS,87571240,0.05393042563410562
1145,REDON,87471300,0.05355074603138556
1146,ST JEAN DE MAURIENNE ARVAN,87742320,0.011816972239135828
1147,PARIS MONTPARNASSE 1 ET 2,87391003,0.05280720220365933
1148,AURAY,87476200,0.05244311989858328
1149,PARIS MONTPARNASSE 1 ET 2,87391003,0.04919046672409604
1150,TOULON,87755009,0.040234297874207486
1151,AVIGNON TGV,87318964,0.04567145316279171
1152,DOUAI,87345009,0.048200333311689714
1153,AURAY,87476200,0.05069550448261776
1154,TGV HAUTE PICARDIE,87313882,0.03916878457168485
1155,LES ARCS DRAGUIGNAN,87755447,0.05558738039165765
1156,TGV HAUTE PICARDIE,87313882,0.03037329005332715
1157,AIME LA PLAGNE,87741769,0.03840596402320273
1158,QUIMPER,87474098,0.05178619728273308
1159,TGV HAUTE PICARDIE,87313882,0.03520558989518947
1160,MONTPELLIER SAINT-ROCH,87773002,0.037672288067703306
1161,ST BRIEUC,87473009,0.048129324597391464
1162,BELLEGARDE,87745000,0.01859927387785733
1163,TGV HAUTE PICARDIE,87313882,0.034325680769153245
1164,LAMBALLE,87473108,0.031488492278108286
1165,ARRAS,87342014,0.046941253757490094
1166,AURAY,87476200,0.015551114892269948
1167,NICE VILLE,87756056,0.05667315595933376
1168,AVIGNON TGV,87318964,0.007681332212731857
1169,ROSPORDEN,87474155,0.03563033046451537
1170,ARRAS,87342014,0.04047660429098353
1171,HYERES,87755629,0.015088399593035533
1172,DOUAI,87345009,0.039997710054767856
1173,NIMES PONT DU GARD,87703975,0.04473279836093563
1174,LYON PART DIEU,87723197,0.03953001527638949
1175,PERPIGNAN,87784009,0.03930024562653517
1176,PARIS GARE DE LYON,87686006,0.03418899017579181
1177,ROSPORDEN,87474155,0.03156450985116676
1178,NARBONNE,87781104,0.04828336066933269
1179,MASSY TGV,87393702,0.0336063621204625
1180,AURAY,87476200,0.04296412368128564
1181,BOURG ST MAURICE,87741793,0.03560234087656043
1182,SETE,87773200,0.023602327802100784
1183,RENNES,87471003,0.04459534517047999
1184,LANDRY,87741777,0.0326782246137947
1185,LYON-SAINT EXUPERY TGV,87762906,0.013928020838870873
1186,MASSY TGV,87393702,0.01846923849637841
1187,PARIS MONTPARNASSE 1 ET 2,87391003,0.04132999141149457
1188,ST MICHEL VALLOIRE,87742361,0.036539232606383906
1189,NIMES,87775007,0.02271426837514955
1190,VALENCE VILLE,87761007,0.006777848679785454
1191,PARIS MONTPARNASSE 1 ET 2,87391003,0.040450825999691215
1192,ST GERVAIS LES BAINS LE FAYET,87746479,0.040236847942938074
1193,QUIMPER,87474098,0.04224873966696654
1194,VALENCE VILLE,87761007,0.030967698360434292
1195,ST RAPHAEL VALESCURE,87757526,0.01760368199150051
1196,BESANCON - F COMTE TGV,87300863,0.04815935029995154
1197,REDON,87471300,0.023955579937825214
1198,ST NAZAIRE,87481705,0.03033260010254205
1199,BEAUNE,87713545,0.030177875043193525
1200,LYON-SAINT EXUPERY TGV,87762906,0.01501236023116088
1201,NICE VILLE,87756056,0.010668968774941768
1202,ALBERTVILLE,87741645,0.027599954621331215
1203,CHAMBERY CHALLES LES EAUX,87741009,0.031686904358763486
1204,MACON LOCHE TGV,87725705,0.012611716380790398
1205,LOURDES,87671339,0.03555633611674357
1206,MACON LOCHE TGV,87725705,0.016649984906979328
1207,LYON PART DIEU,87723197,0.0414209602706591
1208,QUIMPER,87474098,0.020609474065100768
1209,LYON-SAINT EXUPERY TGV,87762906,0.016407558749393328
1210,VANNES,87476606,0.03673870027889005
1211,ANTIBES,87757674,0.012187369171848107
1212,VALENCE TGV RHONE-ALPES SUD,87763029,0.028301158896964648
1213,ARRAS,87342014,0.024142644326017846
1214,PARIS MONTPARNASSE 1 ET 2,87391003,0.030035308683490514
1215,ST RAPHAEL VALESCURE,87757526,0.01992910714557376
1216,NIMES PONT DU GARD,87703975,0.027769786351316567
1217,ST RAPHAEL VALESCURE,87757526,0.027640046418398564
1218,FUTUROSCOPE,87324095,0.017685972728500067
1219,ST BRIEUC,87473009,0.023472145491466707
1220,AURAY,87476200,0.027257999791923664
1221,NARBONNE,87781104,0.01938070510259938
1222,MACON VILLE,87725689,0.019292225674859727
1223,MOUTIERS SALINS BRIDES L BAINS,87741728,0.028806825678389752
1224,ORANGE,87765107,0.00955883426002948
1225,ARRAS,87342014,0.02283788299216945
1226,ARRAS,87342014,0.034103235323893956
1227,PARIS MONTPARNASSE 1 ET 2,87391003,0.03017868198637928
1228,MONTPELLIER SAINT-ROCH,87773002,0.026289007066783252
1229,ARRAS,87342014,0.028042184578939103
1230,ARRAS,87342014,0.03350240825199267
1231,SALLANCHES COMBLOUX MEGEVE,87746438,0.029649328787857355
1232,SETE,87773200,0.014759939720856865
1233,DOUAI,87345009,0.029391555536858634
1234,LYON-SAINT EXUPERY TGV,87762906,0.020119235441129243
1235,LANDERNEAU,87474239,0.02913822584905398
1236,PARIS MONTPARNASSE 1 ET 2,87391003,0.02175989369212242
1237,LYON-SAINT EXUPERY TGV,87762906,0.012639036290711619
1238,ST NAZAIRE,87481705,0.014383157432441705
1239,SETE,87773200,0.025063889686086395
1240,VALENCE TGV RHONE-ALPES SUD,87763029,0.02852360409890723
1241,CLUSES  74,87746370,0.026628542002628975
1242,AURAY,87476200,0.03182057406582729
1243,DOL DE BRETAGNE,87478073,0.02112534100224423
1244,DOUAI,87345009,0.028050265647792512
1245,VALENCE TGV RHONE-ALPES SUD,87763029,0.027934375541428438
1246,VALENCIENNES,87343004,0.01738714943657672
1247,BOURG ST MAURICE,87741793,0.025973854308487435
1248,ST GERVAIS LES BAINS LE FAYET,87746479,0.03104142806366257
1249,AURAY,87476200,0.030915264903701178
1250,PARIS MONTPARNASSE 1 ET 2,87391003,0.037632372719794215
1251,MORLAIX,87474338,0.030665990402247274
1252,VANNES,87476606,0.030542854552284237
1253,DOUAI,87345009,0.027040625443474
1254,NANTES,87481002,0.013466455932050937
1255,ST GERVAIS LES BAINS LE FAYET,87746479,0.023472796385650106
1256,NIMES PONT DU GARD,87703975,0.030060043598536514
1257,NANTES,87481002,0.026614859116478103
1258,VALENCIENNES,87343004,0.013255252140697924
1259,ARCACHON,87582668,0.023106094011817617
1260,SALLANCHES COMBLOUX MEGEVE,87746438,0.02301620169923321
1261,NANTES,87481002,0.026202292700611304
1262,PARIS MONTPARNASSE 1 ET 2,87391003,0.01957585644371941
1263,MOUTIERS SALINS BRIDES L BAINS,87741728,0.02270282792514024
1264,PARIS MONTPARNASSE 1 ET 2,87391003,0.02095670482958284
1265,AURAY,87476200,0.02884662556622132
1266,TARBES,87671008,0.02708502682490652
1267,POITIERS,87575001,0.0190079037967318
1268,AURAY,87476200,0.018898245162949155
1269,MASSY TGV,87393702,0.020355664914439103
1270,ANCENIS,87481192,0.021796460458170495
1271,AIME LA PLAGNE,87741769,0.023220914619698284
1272,POITIERS,87575001,0.015393314903242021
1273,PARIS MONTPARNASSE 1 ET 2,87391003,0.021429798666104366
1274,PLOUARET TREGOR,87473181,0.018265974961945885
1275,PORNICHET,87481747,0.021192134814105437
1276,ARRAS,87342014,0.02258064516129032
1277,SABLE SUR SARTHE,87396408,0.020959684688125393
1278,LA BAULE ESCOUBLAC,87481754,0.017867452672521194
1279,MASSY PALAISEAU,87393579,0.007404385209362769
1280,DOUAI,87345009,0.022093302873632318
1281,LISON,87447219,0.023439718962553258
1282,ST NAZAIRE,87481705,0.008742974395574983
1283,MASSY TGV,87393702,0.021741381095351484
1284,LYON PART DIEU,87723197,0.03171894309421527
1285,NANTES,87481002,0.017210343767835975
1286,MARSEILLE ST CHARLES,87751008,0.022827194642597175
1287,ST PIERRE DES CORPS,87571240,0.009934973714318817
1288,MASSY TGV,87393702,0.021179114799446747
1289,LISIEUX,87444265,0.02247480900712371
1290,LE POULIGUEN,87481762,0.019564783389898185
1291,ST MALO,87478107,0.015294034191671985
1292,MOUTIERS SALINS BRIDES L BAINS,87741728,0.022133137598102873
1293,POITIERS,87575001,0.022021544036065897
1294,MASSY TGV,87393702,0.01643330259076046
1295,CHATELLERAULT,87575142,0.019076486700685475
1296,ST MICHEL VALLOIRE,87742361,0.021693414499169894
1297,ALBERTVILLE,87741645,0.021586200250554112
1298,NANTES,87481002,0.016110030411792105
1299,POITIERS,87575001,0.02404678490123642
1300,MASSY PALAISEAU,87393579,0.014623690921916545
1301,AIME LA PLAGNE,87741769,0.018521768477894024
1302,RENNES,87471003,0.023698847300964613
1303,BORDEAUX ST JEAN,87581009,0.01834396267030337
1304,NIMES,87775007,0.020864381520119223
1305,LANDRY,87741777,0.01946736237104528
1306,GRENOBLE,87747006,0.016791880848820353
1307,BOURG ST MAURICE,87741793,0.020569599496254705
1308,MARSEILLE ST CHARLES,87751008,0.017914033530056928
1309,GRENOBLE,87747006,0.01783045472857941
1310,NIMES,87775007,0.01774765218741107
1311,NIMES,87775007,0.02018927444794953
1312,CHATELLERAULT,87575142,0.011304214087972933
1313,LES SABLES D'OLONNE,87486449,0.013752982151742086
1314,RENNES,87471003,0.019913134032663635
1315,FACTURE BIGANOS,87582478,0.017344913465063654
1316,CHATELLERAULT,87575142,0.019733199093883713
1317,CLUSES  74,87746370,0.01718888986331575
1318,VALENCE TGV RHONE-ALPES SUD,87763029,0.014667365112624411
1319,VALENCE TGV RHONE-ALPES SUD,87763029,0.017035648211381104
1320,TARBES,87671008,0.021805775316455694
1321,ROSPORDEN,87474155,0.015679035136299306
1322,ST MICHEL VALLOIRE,87742361,0.021613938785012374
1323,LE CROISIC,87481788,0.007173093579593281
1324,LE MANS,87396002,0.014283632123597144
1325,VERSAILLES CHANTIERS,87393009,0.018962160331837806
1326,LIBOURNE,87584052,0.009440096327513546
1327,LORIENT,87476002,0.014099197928281121
1328,ST BRIEUC,87473009,0.021058160634132364
1329,ST PIERRE DES CORPS,87571240,0.01164905440583879
1330,LES SABLES D'OLONNE,87486449,0.020879198920531212
1331,SALLANCHES COMBLOUX MEGEVE,87746438,0.0196358064706229
1332,POITIERS,87575001,0.01725271114032205
1333,VANNES,87476606,0.0183256781552774
1334,BIARRITZ,87673400,0.009124554828798212
1335,MASSY TGV,87393702,0.010222412813945132
1336,TOULOUSE MATABIAU,87611004,0.012442289935364727
1337,GRENOBLE,87747006,0.015770296210301266
1338,ST JEAN DE LUZ CIBOURE,87677120,0.008974564435998993
1339,ST NAZAIRE,87481705,0.017875668342510573
1340,MASSY TGV,87393702,0.017802806666969435
1341,ST MICHEL VALLOIRE,87742361,0.016622378017753153
1342,LA ROCHE SUR YON,87486019,0.02428091988197401
1343,BIARRITZ,87673400,0.010992339012708489
1344,MASSY TGV,87393702,0.013137903297881847
1345,LANDERNEAU,87474239,0.006542711219414494
1346,LANDRY,87741777,0.019550038789759503
1347,ST PIERRE DES CORPS,87571240,0.017308944794621865
1348,ST PIERRE DES CORPS,87571240,0.01724062101420592
1349,LAMBALLE,87473108,0.01717283450337871
1350,REDON,87471300,0.019243776318373224
1351,HENDAYE,87677005,0.012779136104319478
1352,ROUEN RIVE DROITE,87411017,0.011668687218565985
1353,AIME LA PLAGNE,87741769,0.016906936372556417
1354,TOULOUSE MATABIAU,87611004,0.0042104358660393975
1355,VITRE,87471508,0.01467991996661709
1356,ST BRIEUC,87473009,0.014623747601790662
1357,PARIS GARE DE LYON,87686006,0.012486860128054025
1358,POITIERS,87575001,0.009329581755484566
1359,ST BRIEUC,87473009,0.008261588880575783
1360,PARIS GARE DE LYON,87686006,0.01646090534979424
1361,ST MICHEL VALLOIRE,87742361,0.021754894851341553
1362,REDON,87471300,0.026362038664323375
1363,ST JEAN DE LUZ CIBOURE,87677120,0.03716090672612411
1364,MONTPELLIER SUD DE FRANCE,87688887,0.03556910569105691
1365,RENNES,87471003,0.0642570281124498
1366,VALENCE TGV RHONE-ALPES SUD,87763029,0.03197832873589799
1367,CHAMBERY CHALLES LES EAUX,87741009,0.06365908194133894
1368,QUIMPER,87474098,0.023761598507535963
1369,VANNES,87476606,0.047304121192376605
1370,RENNES,87471003,0.06278274123198158
1371,LISIEUX,87444265,0.06249596487830074
1372,VALOGNES,87447284,0.06221179646202541
1373,LISIEUX,87444265,0.06193020056939957
1374,RENNES,87471003,0.05394474962184539
1375,LAMBALLE,87473108,0.04603094090793811
1376,NARBONNE,87781104,0.03818781461551814
1377,MOUTIERS SALINS BRIDES L BAINS,87741728,0.06082885600276495
1378,PARIS GARE DE LYON,87686006,0.0529896616982342
1379,ST BRIEUC,87473009,0.04521955777016506
1380,MONTPELLIER SUD DE FRANCE,87688887,0.0337658713548207
1381,RENNES,87471003,0.03735374926681691
1382,MOUTIERS SALINS BRIDES L BAINS,87741728,0.07810170741827906
1383,RENNES,87471003,0.05924837801444486
1384,MORLAIX,87474338,0.07005408699626724
1385,NIMES PONT DU GARD,87703975,0.02936982311356534
1386,LISIEUX,87444265,0.05848854246914699
1387,BREST,87474007,0.06551952349437458
1388,RENNES,87471003,0.05074363083559243
1389,TARBES,87671008,0.021655480984340045
1390,SALLANCHES COMBLOUX MEGEVE,87746438,0.0646933895712355
1391,NIMES PONT DU GARD,87703975,0.057264552768575484
1392,GUINGAMP,87473207,0.049897642086039556
1393,LA TESTE,87582643,0.04969053415857558
1394,REDON,87471300,0.056554443876433214
1395,MORLAIX,87474338,0.06688194565660092
1396,BOURG ST MAURICE,87741793,0.05258507047558344
1397,ST GERVAIS LES BAINS LE FAYET,87746479,0.06633580517644344
1398,TOULOUSE MATABIAU,87611004,0.06954322743796429
1399,QUIMPER,87474098,0.06579851173440182
1400,NIMES PONT DU GARD,87703975,0.03449111354987671
1401,BOURG ST MAURICE,87741793,0.05496408596655594
1402,CHAMBERY CHALLES LES EAUX,87741009,0.05132265407400076
1403,PAU,87672006,0.04089449670478229
1404,VALENCE TGV RHONE-ALPES SUD,87763029,0.047520864015709374
1405,ORTHEZ,87672253,0.06085668780910335
1406,RENNES,87471003,0.047146574637146714
1407,RENNES,87471003,0.057024839210467956
1408,BOURG ST MAURICE,87741793,0.06348461209217557
1409,RENNES,87471003,0.05658093797276854
1410,MORLAIX,87474338,0.05304618251065171
1411,CANNES,87757625,0.04953873028003712
1412,ROSPORDEN,87474155,0.05263801846137115
1413,QUIMPER,87474098,0.062268085913165946
1414,RENNES,87471003,0.0555008431703204
1415,NIMES PONT DU GARD,87703975,0.05203741533168476
1416,LANDRY,87741777,0.051840248490447306
1417,MONTPELLIER SAINT-ROCH,87773002,0.035505641955878034
1418,LORIENT,87476002,0.057881658849010725
1419,ST MALO,87478107,0.025628805930632777
1420,PARIS GARE DE LYON,87686006,0.04468301175105179
1421,ALBERTVILLE,87741645,0.05087640921872126
1422,AIME LA PLAGNE,87741769,0.06019191244812735
1423,PARIS GARE DE LYON,87686006,0.056813439065108516
1424,VITRE,87471508,0.037736339419141056
1425,PLOUARET TREGOR,87473181,0.037598073487143634
1426,LAMBALLE,87473108,0.031217347557436048
1427,SETE,87773200,0.04354531900673487
1428,SABLE SUR SARTHE,87396408,0.04958571849347523
1429,MONTPELLIER SUD DE FRANCE,87688887,0.03396707923950491
1430,REDON,87471300,0.055382502892451654
1431,LYON PART DIEU,87723197,0.03372352285395763
1432,VANNES,87476606,0.05498680872013027
1433,SETE,87773200,0.0030439485799099394
1434,ST BRIEUC,87473009,0.03639781913893589
1435,LANDRY,87741777,0.045336464005595246
1436,NIMES PONT DU GARD,87703975,0.021082500528929324
1437,BERNAY,87444299,0.04801944589131136
1438,ROUEN RIVE DROITE,87411017,0.0448607832717476
1439,ST MICHEL VALLOIRE,87742361,0.05066502463054188
1440,AURAY,87476200,0.041579225114441044
1441,ST MICHEL VALLOIRE,87742361,0.05327397695863806
1442,LE CREUSOT MONTCEAU MONTCHANIN,87694109,0.011797828127094784
1443,ALBERTVILLE,87741645,0.052907739396589416
1444,GUINGAMP,87473207,0.052726502451128726
1445,BERNAY,87444299,0.04670800260561171
1446,MONTBARD,87713131,0.04073045527223765
1447,VITRE,87471508,0.04059235119332886
1448,ALBERTVILLE,87741645,0.046234491981802336
1449,PARIS GARE DE LYON,87686006,0.03167916220397477
1450,LANDRY,87741777,0.05453488785833739
1451,ROSPORDEN,87474155,0.028606553501347585
1452,ST GERVAIS LES BAINS LE FAYET,87746479,0.05132011451595801
1453,GUINGAMP,87473207,0.05114957375355205
1454,RENNES,87471003,0.045315700157996366
1455,AURAY,87476200,0.05081187010078387
1456,ST MICHEL VALLOIRE,87742361,0.03376312332143563
1457,BOURG ST MAURICE,87741793,0.03926113055368855
1458,TOULON,87755009,0.04192799473301223
1459,ST BRIEUC,87473009,0.03343311075293576
1460,AURAY,87476200,0.033324535533548305
1461,ST RAPHAEL VALESCURE,87757526,0.044288884313590925
1462,ST PIERRE DES CORPS,87571240,0.04414598273837349
1463,VANNES,87476606,0.049504500409128106
1464,LE CREUSOT MONTCEAU MONTCHANIN,87694109,0.024672897196261683
1465,AURAY,87476200,0.049188102712346714
1466,BEAUNE,87713545,0.03268761045013001
1467,PLOUARET TREGOR,87473181,0.021722543871459988
1468,ST NAZAIRE,87481705,0.02706723187222477
1469,AIME LA PLAGNE,87741769,0.04317092206489018
1470,MOUTIERS SALINS BRIDES L BAINS,87741728,0.043035132762050836
1471,VANNES,87476606,0.04826271937599716
1472,CHALON SUR SAONE,87725002,0.02940169429748506
1473,AIME LA PLAGNE,87741769,0.047961947545748826
1474,CHALON SUR SAONE,87725002,0.03718786016135229
1475,NANTES,87481002,0.06355320173326914
1476,LANDERNEAU,87474239,0.026398752058993575
1477,VANNES,87476606,0.03158100789525198
1478,MONTPELLIER SUD DE FRANCE,87688887,0.0026236759651766645
1479,CLUSES  74,87746370,0.047081712062256816
1480,MOUTIERS SALINS BRIDES L BAINS,87741728,0.0495458120965917
1481,LANDERNEAU,87474239,0.03119695765206368
1482,MARSEILLE ST CHARLES,87751008,0.036286133513264575
1483,BOURG ST MAURICE,87741793,0.04651262119335412
1484,VALENCE TGV RHONE-ALPES SUD,87763029,0.030914994411028903
1485,GRENOBLE,87747006,0.03595915854719905
1486,ST MICHEL VALLOIRE,87742361,0.015364916773367477
1487,ST MICHEL VALLOIRE,87742361,0.04851029709655638
1488,BEAUNE,87713545,0.035638023709594284
1489,NANTES,87481002,0.030456213948610384
1490,MONTBARD,87713131,0.03542710152353267
1491,NIMES,87775007,0.042891696901455445
1492,ANTIBES,87757674,0.05534361064044325
1493,BEAUNE,87713545,0.03511535830517609
1494,ST MICHEL VALLOIRE,87742361,0.047517180798842554
1495,LORIENT,87476002,0.044885005358173274
1496,ANTIBES,87757674,0.029836331692883047
1497,AURAY,87476200,0.01983322064457967
1498,ORANGE,87765107,0.01483191517615453
1499,VANNES,87476606,0.04436748828682013
1500,LES SABLES D'OLONNE,87486449,0.03932441627819587
1501,TOULON,87755009,0.026958053997123935
1502,RENNES,87471003,0.046430843490290724
1503,LYON PERRACHE,87722025,0.04386176897051716
1504,ST GERVAIS LES BAINS LE FAYET,87746479,0.046166976253828006
1505,ALBERTVILLE,87741645,0.0242295600632772
1506,QUIMPER,87474098,0.04590609119317898
1507,MORLAIX,87474338,0.045776751224562935
1508,LYON PART DIEU,87723197,0.03844053729387354
1509,LAMBALLE,87473108,0.03354123354123354
1510,ALBERTVILLE,87741645,0.04300395881255368
1511,AIX LES BAINS LE REVARD,87741132,0.007147357643537844
1512,ALBERTVILLE,87741645,0.04276499867463847
1513,POITIERS,87575001,0.033169509114761804
1514,MOUTIERS SALINS BRIDES L BAINS,87741728,0.04252867952160117
1515,AIX LES BAINS LE REVARD,87741132,0.02356194259453986
1516,NANTES,87481002,0.02819663854123176
1517,ANTIBES,87757674,0.03280593372968995
1518,ALBERTVILLE,87741645,0.0373900364050716
1519,BOURG ST MAURICE,87741793,0.013983050847457629
1520,SALLANCHES COMBLOUX MEGEVE,87746438,0.0371867887018238
1521,LORIENT,87476002,0.04172174012987759
1522,SALLANCHES COMBLOUX MEGEVE,87746438,0.013869652016926325
1523,LES ARCS DRAGUIGNAN,87755447,0.032275273406241665
1524,NANTES,87481002,0.02759013823571327
1525,NICE VILLE,87756056,0.036688207091284654
1526,MONTPELLIER SAINT-ROCH,87773002,0.027442568110299468
1527,NARBONNE,87781104,0.03193093568574229
1528,LANDERNEAU,87474239,0.031845996221342834
1529,AURAY,87476200,0.040836223868004125
1530,NIORT,87485300,0.011313380643834208
1531,AGDE,87781278,0.027080458055130742
1532,NIMES PONT DU GARD,87703975,0.0360122396971698
1533,VANNES,87476606,0.022448563106435875
1534,ST GERVAIS LES BAINS LE FAYET,87746479,0.033584678725077484
1535,ALBERTVILLE,87741645,0.02233131551749594
1536,ANTIBES,87757674,0.03563703969590708
1537,ST GERVAIS LES BAINS LE FAYET,87746479,0.0422090440082986
1538,MONTELIMAR GARE SNCF,87764001,0.008863089079538899
1539,LYON PART DIEU,87723197,0.02652054794520548
1540,MODANE,87742007,0.03526957725695235
1541,CHATELLERAULT,87575142,0.02638416949830102
1542,MONTPELLIER SAINT-ROCH,87773002,0.015351294529175616
1543,ST MICHEL VALLOIRE,87742361,0.03937377973823125
1544,ST PIERRE DES CORPS,87571240,0.008727403867826715
1545,NICE VILLE,87756056,0.017410385078868326
1546,VALENCE TGV RHONE-ALPES SUD,87763029,0.030390828930490398
1547,QUIMPERLE,87476317,0.03464442933323789
1548,LYON PART DIEU,87723197,0.04319615875480825
1549,MARSEILLE ST CHARLES,87751008,0.03446986557464613
1550,MONTPELLIER SAINT-ROCH,87773002,0.036532194329251505
1551,VALENCE TGV RHONE-ALPES SUD,87763029,0.042871315192743766
1552,LYON PERRACHE,87722025,0.0513169404218097
1553,NIMES,87775007,0.034125962877439145
1554,NANTES,87481002,0.034041056749747244
1555,BOURG ST MAURICE,87741793,0.03183428631564177
1556,VALENCE TGV RHONE-ALPES SUD,87763029,0.03387250570811208
1557,NANTES,87481002,0.03801246138541285
1558,THONON LES BAINS,87745646,0.00842640389285932
1559,LA ROCHE SUR YON,87486019,0.025217089267106637
1560,PARIS AUSTERLITZ,87547000,0.03144408929081885
1561,MONTELIMAR GARE SNCF,87764001,0.029276048597549384
1562,ST JEAN DE MAURIENNE ARVAN,87742320,0.033376720771664266
1563,VANNES,87476606,0.02080968596292092
1564,MONTELIMAR GARE SNCF,87764001,0.0249110015011795
1565,SALLANCHES COMBLOUX MEGEVE,87746438,0.03106334183367848
1566,LYON PART DIEU,87723197,0.045449501028674844
1567,ST PIERRE DES CORPS,87571240,0.032974519689330975
1568,BOURG ST MAURICE,87741793,0.03289523987528355
1569,LYON-SAINT EXUPERY TGV,87762906,0.006153063818967709
1570,CHAMBERY CHALLES LES EAUX,87741009,0.03069170478469304
1571,ANTIBES,87757674,0.01837106515064611
1572,AURAY,87476200,0.036654633579885396
1573,PARIS AUSTERLITZ,87547000,0.02234683769580766
1574,LA BAULE ESCOUBLAC,87481754,0.008106863196683555
1575,LA ROCHELLE VILLE,87485003,0.012131542009223981
1576,ST NAZAIRE,87481705,0.012102924873511098
1577,MOUCHARD,87718833,0.01609925657358591
1578,ST JEAN DE LUZ CIBOURE,87677120,0.04416901034537113
1579,NANTES,87481002,0.028041714947856317
1580,NIORT,87485300,0.015986391749172192
1581,BELLEGARDE,87745000,0.027910961725404908
1582,PARIS AUSTERLITZ,87547000,0.04375806491382357
1583,AIME LA PLAGNE,87741769,0.023812647599055367
1584,VANNES,87476606,0.031676688346218354
1585,POITIERS,87575001,0.03555395941820794
1586,NANTES,87481002,0.03547202384345405
1587,HYERES,87755629,0.023593643365506484
1588,TOULOUSE MATABIAU,87611004,0.03530928043966377
1589,ALBERTVILLE,87741645,0.02935705620703599
1590,VANNES,87476606,0.03514802352884219
1591,LA TESTE,87582643,0.019482192310169386
1592,VENDOME VILLIERS SUR LOIR,87571216,0.007775162852713676
1593,LYON-SAINT EXUPERY TGV,87762906,0.02327258739241237
1594,LIBOURNE,87584052,0.023219925638667892
1595,ST PIERRE DES CORPS,87571240,0.03861250279222644
1596,POITIERS,87575001,0.02311531389545574
1597,POITIERS,87575001,0.023063360706513967
1598,PARIS AUSTERLITZ,87547000,0.02684691395199569
1599,TARBES,87671008,0.02870018975332068
1600,MONTPELLIER SUD DE FRANCE,87688887,0.0057272232433754336
1601,MONTPELLIER SAINT-ROCH,87773002,0.026667506257575996
1602,TOULOUSE MATABIAU,87611004,0.020906470639053164
1603,ST PIERRE DES CORPS,87571240,0.03034197410901796
1604,MONTPELLIER SUD DE FRANCE,87688887,0.03027483482544275
1605,BAYONNE,87673004,0.0075519980027773876
1606,SAUMUR,87487603,0.01883840231665642
1607,PARIS GARE DE LYON,87686006,0.022556390977443608
1608,AIME LA PLAGNE,87741769,0.027802633260897353
1609,MONTAUBAN VILLE BOURBON,87611244,0.025592536560766516
1610,MONTPELLIER SAINT-ROCH,87773002,0.02885213281930108
1611,ST PIERRE DES CORPS,87571240,0.03914110429447853
1612,LA TESTE,87582643,0.010533962949509626
1613,VENDOME VILLIERS SUR LOIR,87571216,0.020793499043977055
1614,NIMES PONT DU GARD,87703975,0.04447328064173646
1615,ALBERTVILLE,87741645,0.027020731423247145
1616,AIME LA PLAGNE,87741769,0.026682001150086256
1617,BORDEAUX ST JEAN,87581009,0.023057701044979555
1618,MOUTIERS SALINS BRIDES L BAINS,87741728,0.02277572085717491
1619,ST PIERRE DES CORPS,87571240,0.02571491908667701
1620,BELLEGARDE,87745000,0.020643960135801116
1621,MONTPELLIER SUD DE FRANCE,87688887,0.010984848484848484
1622,NIORT,87485300,0.012407744143758689
1623,MOUTIERS SALINS BRIDES L BAINS,87741728,0.024529498836963416
1624,MONTPELLIER SUD DE FRANCE,87688887,0.010609386432528484
1625,VALENCE TGV RHONE-ALPES SUD,87763029,0.020979743695742042
1626,POITIERS,87575001,0.023709759836484417
1627,ORTHEZ,87672253,0.0234485546796038
1628,FACTURE BIGANOS,87582478,0.014495651304608618
1629,ALBERTVILLE,87741645,0.02724485759493671
1630,PARIS GARE DE LYON,87686006,0.018442422463555427
1631,PARIS GARE DE LYON,87686006,0.01824782187802517
1632,ANGOULEME,87583005,0.025002394865408565
1633,ALBERTVILLE,87741645,0.01787068638604475
1634,BAYONNE,87673004,0.02449094491883269
1635,LANDRY,87741777,0.028283485045513656
1636,PARIS GARE DE LYON,87686006,0.018666666666666668
1637,ANGOULEME,87583005,0.02736602052451539
1638,POITIERS,87575001,0.030913348946135833
1639,POITIERS,87575001,0.02888086642599278
1640,ST PIERRE DES CORPS,87571240,0.01782178217821782
1641,ST RAPHAEL VALESCURE,87757526,0.022929936305732486
1642,PARIS GARE DE LYON,87686006,0.01889763779527559
1643,LE CREUSOT MONTCEAU MONTCHANIN,87694109,0.006495263870094722
1644,MONTPELLIER SUD DE FRANCE,87688887,0.023463687150837992
1645,LIBOURNE,87584052,0.027705627705627706
1646,BORDEAUX ST JEAN,87581009,0.02507462686567164
1647,TOULOUSE MATABIAU,87611004,0.01669242658423493
1648,TOULOUSE MATABIAU,87611004,0.03461538461538462
1649,BOURG ST MAURICE,87741793,0.041930116472545756
1650,NIMES PONT DU GARD,87703975,0.010380622837370243
1651,NIORT,87485300,0.021621621621621623
1652,VALENCE TGV RHONE-ALPES SUD,87763029,0.013533834586466165
1653,LOURDES,87671339,0.018860510805500982
1654,ORTHEZ,87672253,0.024691358024691357
1655,TOULOUSE MATABIAU,87611004,0.03628509719222462
1656,NARBONNE,87781104,0.005454545454545455
1657,LES ARCS DRAGUIGNAN,87755447,0.06906474820143885
1658,MARSEILLE ST CHARLES,87751008,0.03654822335025381
1659,NIMES PONT DU GARD,87703975,0.022641509433962266
1660,PARIS GARE DE LYON,87686006,0.06206896551724138
1661,MOUCHARD,87718833,0.040551078762672214
1662,ANGOULEME,87583005,0.05300713557594291
1663,MACON LOCHE TGV,87725705,0.01949512621844539
1664,LOURDES,87671339,0.044629720451201574
1665,ST PIERRE DES CORPS,87571240,0.028158844765342958
1666,LYON PERRACHE,87722025,0.03379017013232514
1667,CHAMBERY CHALLES LES EAUX,87741009,0.054304943142260385
1668,NARBONNE,87781104,0.029639762881896948
1669,ST PIERRE DES CORPS,87571240,0.06990813354246023
1670,AIX LES BAINS LE REVARD,87741132,0.008590308370044052
1671,CHATELLERAULT,87575142,0.050682261208577
1672,BOURG EN BRESSE,87743005,0.027694929697486152
1673,PARIS GARE DE LYON,87686006,0.05449591280653951
1674,HYERES,87755629,0.040854808296668765
1675,DOLE VILLE,87713412,0.027225130890052355
1676,CHALON SUR SAONE,87725002,0.03809922545530668
1677,NIMES PONT DU GARD,87703975,0.04896421845574388
1678,PARIS GARE DE LYON,87686006,0.05438192846684794
1679,CHALON SUR SAONE,87725002,0.03805143215555091
1680,SETE,87773200,0.04075235109717868
1681,BEAUNE,87713545,0.038019636515562984
1682,MONTPELLIER SUD DE FRANCE,87688887,0.019001879306744626
1683,MARSEILLE ST CHARLES,87751008,0.04884157795867251
1684,CHATELLERAULT,87575142,0.02169831003546839
1685,ST RAPHAEL VALESCURE,87757526,0.05964546402502607
1686,PARIS GARE DE LYON,87686006,0.02710027100271003
1687,MACON LOCHE TGV,87725705,0.03580562659846547
1688,MONTELIMAR GARE SNCF,87764001,0.031476997578692496
1689,LOURDES,87671339,0.027586206896551724
1690,CHALON SUR SAONE,87725002,0.019693654266958426
1691,MACON LOCHE TGV,87725705,0.025052192066805846
1692,VALENCE TGV RHONE-ALPES SUD,87763029,0.023952095808383235
1693,VALENCE VILLE,87761007,0.02676864244741874
1694,PARIS GARE DE LYON,87686006,0.022018348623853212
1695,CHALON SUR SAONE,87725002,0.016506189821182942
1696,AIME LA PLAGNE,87741769,0.007332722273143905
1697,PARIS GARE DE LYON,87686006,0.02015574896930829
1698,EVIAN LES BAINS,87745679,0.007326007326007326
1699,ST JEAN DE LUZ CIBOURE,87677120,0.029290617848970253
1700,ANNECY,87746008,0.0292772186642269
1701,LYON-SAINT EXUPERY TGV,87762906,0.009144947416552356
1702,TOULOUSE MATABIAU,87611004,0.029250457038391225
1703,MACON VILLE,87725689,0.025582457743261764
1704,BELLEGARDE,87745000,0.014611872146118721
1705,ANGOULEME,87583005,0.032861706983112735
1706,MIRAMAS,87753004,0.01824817518248175
1707,NIMES PONT DU GARD,87703975,0.02553579571363429
1708,AIME LA PLAGNE,87741769,0.02552415679124886
1709,MARSEILLE ST CHARLES,87751008,0.01457858769931663
1710,ORANGE,87765107,0.023679417122040074
1711,PARIS GARE DE LYON,87686006,0.04005461993627674
1712,PARIS GARE DE LYON,87686006,0.029117379435850774
1713,ST AVRE LA CHAMBRE,87741306,0.018190086402910415
1714,MONTELIMAR GARE SNCF,87764001,0.02909090909090909
1715,TARBES,87671008,0.025442980463425715
1716,ANNECY,87746008,0.018165304268846504
1717,NICE VILLE,87756056,0.04357694053563323
1718,NIMES PONT DU GARD,87703975,0.025408348457350273
1719,TOULOUSE MATABIAU,87611004,0.029024943310657598
1720,NIMES PONT DU GARD,87703975,0.012692656391659111
1721,THONON LES BAINS,87745646,0.007249660172179429
1722,SETE,87773200,0.014492753623188406
1723,ALBERTVILLE,87741645,0.01810774105930285
1724,MONTPELLIER SAINT-ROCH,87773002,0.03257918552036199
1725,SETE,87773200,0.012663952962460425
1726,MONTPELLIER SAINT-ROCH,87773002,0.0162748643761302
1727,BELLEGARDE,87745000,0.021690013556258474
1728,LYON PERRACHE,87722025,0.018066847335140017
1729,PERPIGNAN,87784009,0.03250564334085779
1730,BOURG ST MAURICE,87741793,0.02888086642599278
1731,ST RAPHAEL VALESCURE,87757526,0.02165087956698241
1732,FRASNE,87715136,0.025247971145175834
1733,ST GERVAIS LES BAINS LE FAYET,87746479,0.021631365479945923
1734,LE CREUSOT MONTCEAU MONTCHANIN,87694109,0.0036036036036036037
1735,LES ARCS DRAGUIGNAN,87755447,0.018009905447996397
1736,TOULON,87755009,0.018001800180018002
1737,ALBERTVILLE,87741645,0.01799370220422852
1738,PARIS GARE DE LYON,87686006,0.01079136690647482
1739,LYON PART DIEU,87723197,0.02877697841726619
1740,MONTELIMAR GARE SNCF,87764001,0.017985611510791366
1741,CANNES,87757625,0.02158273381294964
1742,AGDE,87781278,0.01079136690647482
1743,ST RAPHAEL VALESCURE,87757526,0.019784172661870502
1744,ORANGE,87765107,0.017985611510791366
1745,VALENCE VILLE,87761007,0.02158273381294964
1746,VALENCE TGV RHONE-ALPES SUD,87763029,0.039568345323741004
1747,VALENCE TGV RHONE-ALPES SUD,87763029,0.02158273381294964
1748,VALENCE TGV RHONE-ALPES SUD,87763029,0.02877697841726619
1749,LES ARCS DRAGUIGNAN,87755447,0.023381294964028777
1750,ANNEMASSE,87745497,0.017985611510791366
1751,LES ARCS DRAGUIGNAN,87755447,0.017985611510791366
1752,NIMES,87775007,0.017985611510791366
1753,MIRAMAS,87753004,0.012589928057553957
1754,VALENCE TGV RHONE-ALPES SUD,87763029,0.03237410071942446
1755,MARSEILLE ST CHARLES,87751008,0.02877697841726619
1756,LANDRY,87741777,0.02158273381294964
1757,CHALON SUR SAONE,87725002,0.025179856115107913
1758,LYON PERRACHE,87722025,0.03597122302158273
1759,BEAUNE,87713545,0.025179856115107913
1760,MOUTIERS SALINS BRIDES L BAINS,87741728,0.02158273381294964
1761,NIMES,87775007,0.025179856115107913
1762,CHALON SUR SAONE,87725002,0.014388489208633094
1763,MARSEILLE ST CHARLES,87751008,0.03237410071942446
1764,ALBERTVILLE,87741645,0.014388489208633094
1765,MONTPELLIER SAINT-ROCH,87773002,0.017985611510791366
1766,TOULON,87755009,0.025179856115107913
1767,ST JEAN DE MAURIENNE ARVAN,87742320,0.014388489208633094
1768,MACON LOCHE TGV,87725705,0.00539568345323741
1769,AIX LES BAINS LE REVARD,87741132,0.01079136690647482
1770,AGDE,87781278,0.007194244604316547
1771,ANTIBES,87757674,0.007194244604316547
1772,EVIAN LES BAINS,87745679,0.017985611510791366
1773,CHALON SUR SAONE,87725002,0.025179856115107913
1774,MACON LOCHE TGV,87725705,0.012589928057553957
1775,ANNECY,87746008,0.00539568345323741
1776,ST RAPHAEL VALESCURE,87757526,0.02158273381294964
1777,LES ARCS DRAGUIGNAN,87755447,0.02158273381294964
1778,NARBONNE,87781104,0.03237410071942446
1779,MARSEILLE ST CHARLES,87751008,0.025179856115107913
1780,LES ARCS DRAGUIGNAN,87755447,0.017985611510791366
1781,LES ARCS DRAGUIGNAN,87755447,0.02158273381294964
1782,BOURG ST MAURICE,87741793,0.007194244604316547
1783,NARBONNE,87781104,0.02158273381294964
1784,DOLE VILLE,87713412,0.017985611510791366
1785,LYON PART DIEU,87723197,0.02158273381294964
1786,MARSEILLE ST CHARLES,87751008,0.02877697841726619
1787,NARBONNE,87781104,0.03237410071942446
1788,NARBONNE,87781104,0.014388489208633094
1789,MACON VILLE,87725689,0.014388489208633094
1790,EVIAN LES BAINS,87745679,0.02158273381294964
1791,LYON PERRACHE,87722025,0.017985611510791366
1792,ORANGE,87765107,0.017985611510791366
1793,ST RAPHAEL VALESCURE,87757526,0.017985611510791366
1794,SALLANCHES COMBLOUX MEGEVE,87746438,0.02158273381294964
1795,VALENCE TGV RHONE-ALPES SUD,87763029,0.03237410071942446
1796,AIME LA PLAGNE,87741769,0.02877697841726619
1797,THONON LES BAINS,87745646,0.017985611510791366
1798,SALLANCHES COMBLOUX MEGEVE,87746438,0.007194244604316547
1799,ST GERVAIS LES BAINS LE FAYET,87746479,0.014388489208633094
1800,ORANGE,87765107,0.02158273381294964
